timestamp,latitude,longitude,altitude,nic,nac_p,gpsOkBefore,callsign,aircraft_type,radio_horizon
4/8/2024 17:00,30.821548,33.485305,32000,0,9,0,UAE1W,B77W,1157280.536
4/8/2024 17:00,37.07103,33.528988,37000,0,8,0,PBD860,B738,1244412.95
4/8/2024 17:00,35.305496,33.691153,11425,0,0,1712588386,PGT1941,A320,691499.331
4/8/2024 17:00,32.011693,34.853565,2950,0,0,1712588401,DLH4EU,A21N,351378.082
4/8/2024 17:00,33.852787,35.471191,2475,0,0,0,MEA368,A320,321848.3311
4/8/2024 17:00,33.818253,35.490772,11475,0,0,1712588342,MEA422,A21N,693010.8067
4/8/2024 17:00,33.818298,35.490829,41000,0,0,0,DLH636,A333,1309952.621
4/8/2024 17:02,34.410416,34.844149,16575,0,0,0,EXS8YF,B738,832895.3327
4/8/2024 17:03,31.967515,34.753567,275,6,6,0,4XHSI,AP32,107282.777
4/8/2024 17:04,34.961569,33.567352,6700,6,0,0,EXS11K,B738,529542.7924
4/8/2024 17:04,33.861694,35.463531,2325,5,0,0,MEA203,A320,311942.9239
4/8/2024 18:17,34.34936,30.896358,35075,0,0,1712593032,THY38Y,A21N,1211609.025
4/8/2024 18:17,33.000412,30.961395,40000,0,0,1712592988,THY93,A333,1293878.974
4/8/2024 18:17,32.483963,31.157666,31975,0,0,0,THY109,A321,1156828.385
4/8/2024 18:17,32.711929,31.967743,39000,6,6,0,UAE32L,A388,1277603.119
4/8/2024 18:17,33.22112,34.026676,32775,0,0,0,HKC6853,A332,1171210.643
4/8/2024 18:17,33.680969,35.434159,6600,0,0,1712592699,MSR711,B738,525576.1239
4/8/2024 18:17,33.818207,35.49066,8025,0,0,1712592592,DHX160,B733,579543.6884
4/8/2024 18:17,33.818253,35.490772,37000,0,0,1712592993,UAE22K,B77W,1244412.95
4/8/2024 18:17,33.818245,35.490818,16825,6,0,0,UBD161,B733,839153.0866
4/8/2024 18:17,33.818207,35.490829,41000,2,9,0,N551VL,GLF5,1309952.621
4/8/2024 18:17,33.839567,35.491676,9100,0,0,1712593015,PGT1914,A320,617140.9377
4/8/2024 18:18,32.819595,31.091913,39000,0,0,1712593093,UAE3R,B77W,1277603.119
4/8/2024 18:19,35.320207,33.384471,10575,0,0,1712593131,THY73U,B739,665279.0507
4/8/2024 18:19,34.856174,33.761272,6800,6,9,0,CYP12L,BCS3,533479.9678
4/8/2024 18:20,34.990803,30.87038,35000,6,7,0,SVR1883,A21N,1210312.955
4/8/2024 18:20,33.818253,35.490829,35000,0,8,0,ELY612,B739,1210312.955
4/8/2024 18:20,33.545197,36.041154,32975,0,0,0,ELY5104,B738,1174778.695
4/8/2024 18:21,31.617462,33.489236,11675,0,0,1712592570,ELY387,B738,699024.0284
4/8/2024 18:22,34.556076,34.005488,25000,0,9,1712592987,HEZ242,H25B,1022901.144
4/8/2024 18:22,33.818246,35.490818,35975,0,0,0,SVA261,A333,1227055.09
4/8/2024 18:23,33.769273,35.411682,4825,0,0,0,MEA202,A320,449378.5295
4/8/2024 18:24,35.537699,31.162252,35050,6,7,0,RYR79VU,A320,1211177.156
4/8/2024 18:25,33.818298,35.490772,38000,0,0,0,TCAHE,C55B,1261117.227
4/8/2024 18:26,33.635807,30.711365,33975,0,0,1712592702,SWR253,A21N,1192458.827
4/8/2024 18:27,33.474597,30.739186,36975,0,0,1712593404,RJA518,A321,1243992.469
4/8/2024 18:27,35.304845,33.389029,10625,0,0,1712593610,PGT1890,A20N,666849.9597
4/8/2024 18:29,34.964127,30.87175,37000,4,8,0,THY5CH,A332,1244412.95
4/8/2024 18:29,32.787323,30.98194,36000,0,0,1712593330,STW001,B773,1227481.373
4/8/2024 18:31,32.711838,30.991443,34000,0,0,1712593701,RWZ3026,B772,1192897.473
4/8/2024 18:32,35.121848,30.900936,37025,0,0,0,AEE908,A20N,1244833.289
4/8/2024 18:35,35.020643,30.870209,35000,0,0,1712594087,THY3PC,A21N,1210312.955
4/8/2024 18:38,36.338699,31.924152,5725,0,0,0,THY5FE,B738,489498.5452
4/8/2024 18:39,34.986694,30.980997,35000,6,7,0,MEA242,A320,1210312.955
4/8/2024 18:40,34.119904,36.043968,29900,0,0,0,SYR7587,IL76,1118662.949
4/8/2024 18:41,34.905287,30.873928,36975,0,0,0,THY5572,A20N,1243992.469
4/8/2024 18:42,36.431968,32.027367,30475,0,0,0,THY980,B739,1129368.101
4/8/2024 18:45,32.693404,30.995402,36000,4,7,0,TVS8NA,B738,1227481.373
4/8/2024 18:49,33.818253,35.490829,19025,0,0,1712594320,THY5LP,B738,892331.0242
4/8/2024 18:49,33.866567,35.495167,35000,0,7,0,WUK4ND,A21N,1210312.955
4/8/2024 18:53,34.985779,30.871022,35000,0,0,0,THY2VD,B38M,1210312.955
4/8/2024 18:53,31.196365,36.223915,10225,0,0,0,SVA783,A333,654177.0714
4/8/2024 18:56,35.306488,31.07523,23275,0,0,0,,B738,986980.3464
4/8/2024 18:56,31.728842,35.895134,4775,6,0,0,,B38M,447044.0798
4/8/2024 18:57,31.018845,36.350098,33975,0,0,1712595346,SYR202,A320,1192458.827
4/8/2024 18:58,34.340282,30.896645,37000,0,0,1712595069,MSR736,B738,1244412.95
4/8/2024 18:59,35.64537,31.213703,37000,0,0,0,ELY5120,B738,1244412.95
4/8/2024 19:04,33.818253,35.490772,43000,0,9,0,RHH034,LJ45,1341522.273
4/8/2024 19:05,36.449284,32.101173,23225,0,0,0,,A20N,985919.6472
4/8/2024 19:05,36.868607,33.364076,29900,0,8,0,PGT10SV,A20N,1118662.949
4/8/2024 19:09,35.652283,33.493481,11350,0,0,1712596137,TKJ6BP,B738,689225.9024
4/8/2024 19:10,33.792363,35.467987,3275,0,0,0,RJA404,A320,370228.0436
4/8/2024 19:16,35.372269,31.074142,39000,0,0,1712596565,AEE544,A320,1277603.119
4/8/2024 19:17,33.124617,30.949551,35000,0,0,0,THY43K,B38M,1210312.955
4/8/2024 19:17,32.740701,30.997588,34025,0,5,0,EJU59JP,A320,1193335.957
4/8/2024 19:19,35.378998,31.057205,35000,0,0,1712596728,SEH3LC,A21N,1210312.955
4/8/2024 19:19,33.818298,35.490829,21075,6,9,0,RJA126,A320,939177.0069
4/8/2024 19:22,36.774778,32.662646,35025,0,0,0,MEA267,A320,1210745.133
4/8/2024 19:23,34.960236,30.869228,39000,6,9,0,THY98Q,A332,1277603.119
4/8/2024 19:24,34.010134,30.737915,41000,0,0,1712597026,KLM425,A333,1309952.621
4/8/2024 19:24,36.877441,32.829544,29000,0,0,1712596984,SXS2Q,B738,1101698.248
4/8/2024 19:25,33.818292,35.490818,36000,0,0,0,FAD807,A20N,1227481.373
4/8/2024 19:26,32.002293,34.875122,39000,0,0,0,,B738,1277603.119
4/8/2024 19:26,33.818298,35.490772,27750,0,0,0,MEA313,A320,1077693.227
4/8/2024 19:32,30.938553,33.389121,31975,0,0,0,LMU706,A321,1156828.385
4/8/2024 19:34,35.298793,31.44141,25750,0,5,0,RYR9641,B738,1038131.279
4/8/2024 19:38,34.841743,33.689976,6150,0,0,1712597875,CYF102,A320,507342.4687
4/8/2024 19:42,33.818298,35.490716,25725,0,0,0,UAE110,B77W,1037627.209
4/8/2024 19:46,36.245572,31.997564,35650,0,0,1712598375,PGT1862,A20N,1221499.875
4/8/2024 19:47,36.90843,34.445482,31025,0,0,1712598106,TKJ4AL,A320,1139513.711
4/8/2024 19:48,35.359955,31.085415,35000,0,0,0,THY140,A321,1210312.955
4/8/2024 19:59,37.214977,33.981369,23225,0,0,0,TKJ5NQ,B738,985919.6472
4/8/2024 20:00,33.761964,35.329628,20025,0,0,1712599187,PGT1924,A21N,915482.2373
4/8/2024 20:01,35.628848,31.229222,33000,0,0,1712599244,RJA144,A320,1175223.94
4/8/2024 20:16,32.001022,34.874516,22900,0,0,0,,B772,978997.0904
4/8/2024 20:23,34.200626,30.714169,41000,0,0,1712600464,BAW125,B772,1309952.621
4/8/2024 20:24,34.94989,33.640978,7400,0,0,0,CGF7867,B734,556518.3896
4/8/2024 20:34,34.738174,30.894844,37000,0,0,1712601216,RJA110,A319,1244412.95
4/8/2024 20:43,35.63356,31.213074,39025,0,0,1712601736,HYM457,A319,1278012.542
4/8/2024 20:52,35.60357,31.254058,35000,0,0,0,RJA116,A319,1210312.955
4/8/2024 20:54,35.366201,31.082368,41000,0,0,1712602442,THY136,A333,1309952.621
4/8/2024 21:06,33.818253,35.490829,39000,0,0,0,FDX8,B77L,1277603.119
4/8/2024 21:17,32.736649,31.002814,35975,0,6,0,SEU7112,A320,1227055.09
4/8/2024 21:19,35.423218,31.1689,33025,0,0,0,AEE91C,A20N,1175669.017
4/8/2024 21:24,35.370346,31.080723,37025,6,8,0,THY916,A20N,1244833.289
4/8/2024 21:36,33.367722,36.576397,8700,0,0,0,,B737,603424.9821
4/8/2024 21:38,34.985504,30.869844,32975,0,0,1712605037,THY5CV,A321,1174778.695
4/8/2024 21:43,35.358765,31.093426,38975,0,0,0,THY914,B738,1277193.565
4/8/2024 21:45,34.144135,30.923151,37000,0,0,1712605281,TVS4301,B38M,1244412.95
4/8/2024 21:48,32.000718,34.883035,-1,0,9,0,BBG461,B738,#NUM!
4/8/2024 21:51,35.368607,31.084042,37000,4,0,0,THY912,B738,1244412.95
4/8/2024 21:58,33.704544,30.774835,34950,0,0,1712606221,BES7221,,1209448.137
4/8/2024 21:58,33.978333,30.782851,37000,0,0,1712606189,CLX7W,B748,1244412.95
4/8/2024 22:00,33.834915,35.486008,34000,0,0,0,MEA403,A320,1192897.473
4/8/2024 22:07,32.002697,34.883091,-1,0,0,1712606093,FDB1625,B738,#NUM!
4/8/2024 22:10,32.798035,30.984192,33975,6,8,0,SVI7506,A320,1192458.827
4/8/2024 22:12,34.461086,30.728474,25000,0,0,0,,B738,1022901.144
4/8/2024 22:35,33.846542,35.510111,37050,0,0,1712608496,WAZ2PG,A21N,1245253.486
4/8/2024 22:41,34.821678,27.316132,36025,0,0,0,EZY61XA,A320,1227907.507
4/8/2024 22:41,36.93187,28.723347,11300,0,0,0,,B738,687706.108
4/8/2024 22:41,40.641083,29.024132,23850,0,0,0,THY6173,A332,999097.4525
4/8/2024 22:41,36.347946,30.568314,41200,0,0,0,LDX2C,GLEX,1313143.741
4/8/2024 22:41,34.417094,30.598068,35000,6,9,0,EDW66,A343,1210312.955
4/8/2024 22:41,36.965424,30.676167,5000,0,0,0,PGT58BG,A20N,457455.2984
4/8/2024 22:41,30.334625,31.170637,32925,0,0,0,JZR722,A320,1173887.699
4/8/2024 22:41,30.249691,31.212322,36000,0,0,0,EZY41XU,A20N,1227481.373
4/8/2024 22:41,40.682373,33.550873,35000,0,0,0,IRA769,A306,1210312.955
4/8/2024 22:41,39.209461,36.817871,35025,0,0,0,PGT858,A21N,1210745.133
4/8/2024 22:41,41.020386,39.968201,31000,0,0,0,THY364,A21N,1139054.507
4/8/2024 22:41,33.355515,43.904392,4275,0,0,0,IAW602,B788,422991.577
4/8/2024 22:42,30.084244,31.351575,8125,0,0,0,FDB1807,B38M,583143.3732
4/8/2024 22:44,30.413269,33.581866,31975,0,0,0,MSC434,A320,1156828.385
4/8/2024 22:45,36.9123,30.7988,475,0,0,0,,B738,140997.1923
4/8/2024 22:45,31.161276,38.795746,34000,0,0,0,UAE2832,B77W,1192897.473
4/8/2024 22:50,29.019874,33.088397,24000,0,0,0,MSR029,B738,1002234.344
4/8/2024 22:51,40.074726,34.653187,32000,0,0,0,TKJ6KL,B738,1157280.536
4/8/2024 22:53,36.955444,28.610561,10675,0,0,0,WUK2387,A21N,668417.1768
4/8/2024 22:56,41.105209,29.422729,9275,0,0,0,,A321,623046.7272
4/8/2024 22:59,37,31.2237,425,0,0,0,,B738,133369.9919
4/8/2024 23:00,33.818292,35.490818,18675,0,8,0,MEA429,A21N,884084.8841
4/8/2024 23:02,37.42337,27.456587,10075,0,0,0,EZY24AQ,A320,649360.9784
4/8/2024 23:03,36.378845,24.98354,15400,0,0,0,,A320,802830.7904
4/8/2024 23:03,41.370602,30.232628,27100,0,0,0,SXS9N,B738,1064996.806
4/8/2024 23:03,41.25571,39.680932,26575,6,9,0,THY9CL,A320,1054630.426
4/8/2024 23:05,35.035725,44.315872,33100,0,0,0,FBA222,B739,1177003.236
4/8/2024 23:06,33.73045,24.739723,34975,0,0,0,NOS646,B789,1209880.624
4/8/2024 23:12,34.670712,44.716644,23000,0,0,0,IAW106,B38M,981132.3101
4/8/2024 23:14,36.885201,30.805401,18075,0,0,0,,B38M,869766.7735
4/8/2024 23:17,35.494904,30.402317,39050,6,0,0,BAW312,A20N,1278421.833
4/8/2024 23:17,39.40416,34.278599,40025,0,0,0,THY8WX,B738,1294283.248
4/8/2024 23:18,33.709545,24.762039,36950,0,0,0,TAR6001,A20N,1243571.846
4/8/2024 23:21,33.701706,24.769966,36975,0,0,0,MSC502,A20N,1243992.469
4/8/2024 23:21,40.586848,36.46381,37000,0,0,0,ETD914,B77L,1244412.95
4/8/2024 23:26,38.3741,26.393543,18625,0,0,0,EXS6JM,B738,882900.5769
4/8/2024 23:29,38.815395,33.10498,31000,0,0,0,TKJ8CY,B738,1139054.507
4/8/2024 23:30,40.169815,28.013123,39025,0,0,0,SXS7WX,B38M,1278012.542
4/8/2024 23:30,39.698822,34.158108,37975,0,0,0,THY58T,A321,1260702.317
4/8/2024 23:32,36.470791,25.062912,38975,0,0,0,KQA117,B788,1277193.565
4/8/2024 23:33,39.59198,27.110794,38975,0,0,0,,A20N,1277193.565
4/8/2024 23:33,41.236019,36.931541,27475,0,0,0,TKJ85C,A320,1072340.011
4/8/2024 23:35,41.054764,33.930359,36000,6,0,0,,A320,1227481.373
4/8/2024 23:36,32.915644,29.636517,39000,6,0,0,BAW4TH,A20N,1277603.119
4/8/2024 23:36,35.764709,30.928116,39000,0,9,0,THY920,B738,1277603.119
4/8/2024 23:41,41.210787,37.230731,24125,0,0,1712612435,TKJ7CP,B738,1004840.94
4/8/2024 23:44,41.948959,36.288279,37000,0,0,0,AAR502,A359,1244412.95
4/8/2024 23:47,40.900284,39.697037,34000,0,0,1712612771,BEL7WC,A320,1192897.473
4/8/2024 23:56,33.741623,24.727478,35000,0,0,0,FBU70A,A35K,1210312.955
4/8/2024 23:56,33.71402,24.757017,39025,0,0,0,ETH729,A359,1278012.542
4/8/2024 23:57,28.336258,33.934655,32000,0,0,0,NIA162,A321,1157280.536
4/8/2024 23:57,40.614761,36.545105,39000,0,9,0,UAE42,B77W,1277603.119
4/9/2024 0:00,37.602814,25.646063,39000,0,0,0,ETH715,B788,1277603.119
4/9/2024 0:00,40.927143,29.047478,21250,0,0,0,THY3PQ,A21N,943068.2571
4/9/2024 0:00,40.55983,36.339539,39000,0,0,0,QTR9J,A35K,1277603.119
4/9/2024 0:03,34.561432,30.384764,33000,6,9,0,AEE928,A320,1175223.94
4/9/2024 0:05,30.084183,31.351588,32000,0,0,0,ABY620,A321,1157280.536
4/9/2024 0:08,42.218037,33.477196,41000,0,0,0,HKC375,A332,1309952.621
4/9/2024 0:11,31.349579,44.050869,35975,0,0,0,SAW747,A320,1227055.09
4/9/2024 0:12,33.790421,24.675686,31000,0,0,0,AFFGSQO,B77W,1139054.507
4/9/2024 0:14,33.326706,25.685431,39000,0,0,0,,A333,1277603.119
4/9/2024 0:21,33.769085,24.698296,37000,0,0,0,QTR8Q,B77L,1244412.95
4/9/2024 0:24,33.672638,24.801075,38975,0,0,0,ETD83W,B789,1277193.565
4/9/2024 0:32,33.803879,24.660271,41000,0,0,0,,A359,1309952.621
4/9/2024 0:32,39.793924,36.950317,39000,0,0,0,AEE8EV,A20N,1277603.119
4/9/2024 0:35,33.664444,26.904284,37000,0,0,0,,A20N,1244412.95
4/9/2024 0:35,41.969217,35.520651,36000,4,4,0,SIA326,A388,1227481.373
4/9/2024 0:35,41.049903,36.389278,35000,0,0,0,PGT2830,A320,1210312.955
4/9/2024 0:36,35.559723,30.863342,37025,6,9,0,AEE946,A320,1244833.289
4/9/2024 0:38,41.873199,31.423395,33000,0,0,0,,B748,1175223.94
4/9/2024 0:39,34.592361,44.65147,42975,0,0,0,,GL7T,1341132.239
4/9/2024 0:44,38.215668,25.945032,39900,0,0,0,UAE7HR,A388,1292260.613
4/9/2024 0:44,41.548897,32.658459,36975,0,0,0,OMA143,B789,1243992.469
4/9/2024 0:48,37.535255,25.587038,37000,0,0,0,UAE244,B77L,1244412.95
4/9/2024 0:50,40.092137,40.638053,38000,0,0,0,FDB92M,B38M,1261117.227
4/9/2024 0:51,40.20079,27.820816,35000,0,0,0,ELY336,B739,1210312.955
4/9/2024 0:53,33.818152,35.490875,37025,0,0,0,MSC2985,A20N,1244833.289
4/9/2024 0:54,33.739517,24.729328,35000,0,0,0,CRL925,A339,1210312.955
4/9/2024 0:56,38.091881,25.905941,36975,0,0,0,WZZ1GM,A21N,1243992.469
4/9/2024 1:02,33.812008,24.652634,38325,0,0,0,,A359,1266498.681
4/9/2024 1:02,40.318567,35.717801,38975,0,0,0,OMA131,B789,1277193.565
4/9/2024 1:12,29.483368,31.313676,41000,0,8,0,,B738,1309952.621
4/9/2024 1:15,33.409058,25.620611,36000,0,0,0,,A332,1227481.373
4/9/2024 1:18,37.78688,27.815805,10725,0,0,0,,,669980.7279
4/9/2024 1:18,40.417491,36.153821,39000,0,0,0,DLH772,A359,1277603.119
4/9/2024 1:20,36.933521,25.215652,39000,0,0,0,,B738,1277603.119
4/9/2024 1:21,33.600101,44.619312,42975,0,0,0,,GL5T,1341132.239
4/9/2024 1:23,40.750946,28.882996,20425,0,0,0,THY6GZ,A321,924580.4209
4/9/2024 1:23,28.503616,33.708696,40000,6,6,0,ETH552,A359,1293878.974
4/9/2024 1:29,33.623566,24.853596,37000,0,0,0,UAE143,B77W,1244412.95
4/9/2024 1:30,40.71603,35.803509,37000,0,0,0,UAE150,B77W,1244412.95
4/9/2024 1:32,29.945389,31.914852,16325,0,0,0,,B738,826590.2055
4/9/2024 1:36,28.815416,35.563821,33975,0,0,0,MSC402,A320,1192458.827
4/9/2024 1:39,38.284927,25.895535,39000,0,0,0,,A388,1277603.119
4/9/2024 1:39,40.349854,35.648438,41000,0,0,0,QTR8815,B77L,1309952.621
4/9/2024 1:39,38.863438,42.639954,40550,0,0,0,FIN145,A359,1302744.023
4/9/2024 1:42,28.65537,33.496884,38000,0,0,0,DAH461,A332,1261117.227
4/9/2024 1:45,33.802509,24.662647,39025,0,0,0,TAR5531,A320,1278012.542
4/9/2024 1:47,40.218388,27.811203,35000,0,0,0,TVS86L,B739,1210312.955
4/9/2024 1:48,40.631653,36.546753,39000,0,0,0,ETD69K,A388,1277603.119
4/9/2024 1:51,33.578457,44.681625,38000,0,0,0,,A359,1261117.227
4/9/2024 1:54,33.934395,44.710751,40900,0,0,0,THY056,A359,1308354.143
4/9/2024 1:56,33.758053,24.709911,35000,0,0,0,,B77W,1210312.955
4/9/2024 1:56,33.693764,24.77869,38975,0,0,0,ETH501,B789,1277193.565
4/9/2024 1:56,41.754318,36.075606,37000,4,4,0,SIA319,A388,1244412.95
4/9/2024 1:57,33.921452,44.711094,38925,0,0,0,QTR8J,A359,1276374.063
4/9/2024 2:00,33.633804,24.842491,39450,0,0,0,ETH710,A359,1284952.766
4/9/2024 2:00,37.873039,26.248249,41000,0,0,0,UAE28Y,A388,1309952.621
4/9/2024 2:00,39.262253,29.712763,33000,0,0,0,THY3AF,A321,1175223.94
4/9/2024 2:00,40.982635,29.749229,38975,0,0,0,VTI021,B789,1277193.565
4/9/2024 2:00,35.877251,29.872644,39125,0,0,0,ELY313,B738,1279648.922
4/9/2024 2:00,40.264572,31.923462,33000,0,0,0,THY54,B77W,1175223.94
4/9/2024 2:00,37.465851,34.890182,19500,2,8,0,THY5SW,B739,903401.8292
4/9/2024 2:00,34.196274,43.88483,37000,6,0,0,THY99D,B77W,1244412.95
4/9/2024 2:02,41.351486,33.237915,35000,0,0,0,,B38M,1210312.955
4/9/2024 2:02,32.998741,44.467163,37975,0,0,0,BYD090,A319,1260702.317
4/9/2024 2:03,39.949082,37.178671,37000,6,8,0,MXD0724,A333,1244412.95
4/9/2024 2:05,39.272827,33.446144,34950,0,0,0,THY2VK,A321,1209448.137
4/9/2024 2:06,39.865036,35.748856,31850,0,0,0,THY6305,B77L,1154564.974
4/9/2024 2:11,32.660889,44.470074,14125,0,0,0,QTR1173,B38M,768878.803
4/9/2024 2:12,41.055222,39.150269,38000,0,6,0,BAW16,B789,1261117.227
4/9/2024 2:18,30.599251,31.201008,20500,0,0,0,,B738,926276.3815
4/9/2024 2:18,29.888213,33.168909,30825,0,8,0,ETH404,B38M,1135834.884
4/9/2024 2:24,33.85479,44.713497,36925,0,0,0,DLH767,A346,1243151.081
4/9/2024 2:27,33.461609,44.661217,34975,0,0,0,,B77W,1209880.624
4/9/2024 2:29,28.522556,33.683974,40000,6,6,0,ETH706,A359,1293878.974
4/9/2024 2:32,40.348206,38.077515,38000,0,0,0,DLH631,A333,1261117.227
4/9/2024 2:33,30.084229,31.351588,38000,0,0,0,IBE6700,A332,1261117.227
4/9/2024 2:33,41.018646,39.57312,36000,0,0,0,AFR111,B77W,1227481.373
4/9/2024 2:35,29.286072,30.526146,41000,0,0,0,QTR63W,B789,1309952.621
4/9/2024 2:35,33.414452,44.675064,37975,0,0,0,QTR63W,B789,1260702.317
4/9/2024 2:36,36.598663,25.083504,37000,0,0,0,ELY397,B738,1244412.95
4/9/2024 2:38,36.9133,30.799,33025,0,0,0,,A321,1175669.017
4/9/2024 2:38,41.086864,33.989452,39000,0,0,0,ALK504,A333,1277603.119
4/9/2024 2:39,39.437428,35.805054,38000,0,0,0,THY734,A333,1261117.227
4/9/2024 2:41,28.677249,33.465702,38000,0,0,0,ETH728,A359,1261117.227
4/9/2024 2:44,42.095839,35.828907,39000,0,0,0,SIA331,A359,1277603.119
4/9/2024 2:45,39.577927,42.328472,38000,0,0,0,DLH762,A388,1261117.227
4/9/2024 2:48,41.825226,31.671461,33000,0,0,0,EVA067,B77W,1175223.94
4/9/2024 2:50,40.057892,40.879333,38000,0,0,0,DLH773,A359,1261117.227
4/9/2024 2:51,34.625694,30.131493,39000,0,0,0,FDB4XY,B38M,1277603.119
4/9/2024 2:51,39.797555,36.834045,40000,0,0,0,THY163,A359,1293878.974
4/9/2024 2:51,32.968277,44.463814,33975,0,0,0,,B789,1192458.827
4/9/2024 2:51,33.622353,44.636307,38950,0,0,0,,A35K,1276783.88
4/9/2024 2:54,29.468451,32.33858,38000,0,0,0,ETH718,A359,1261117.227
4/9/2024 2:56,39.398464,42.502869,34000,0,0,0,,A21N,1192897.473
4/9/2024 2:57,36.9091,30.798201,37000,0,0,0,,B738,1244412.95
4/9/2024 2:59,39.191536,42.684998,40550,0,0,0,,A333,1302744.023
4/9/2024 3:00,39.353912,35.512329,35975,0,0,0,SWR243,A333,1227055.09
4/9/2024 3:03,39.06546,34.494564,23125,0,0,0,SXS18V,B738,983794.8179
4/9/2024 3:03,39.576004,42.333904,38000,0,0,0,,A359,1261117.227
4/9/2024 3:03,39.176331,42.768402,36000,0,0,0,THY54,B77W,1227481.373
4/9/2024 3:08,41.172941,39.918698,47000,6,0,0,VJT993,GLEX,1402531.386
4/9/2024 3:08,33.781723,44.715702,35975,0,0,0,ETD6HZ,B789,1227055.09
4/9/2024 3:09,33.761963,24.705849,41000,0,0,0,ETH574,B788,1309952.621
4/9/2024 3:11,28.874496,35.501949,38000,0,0,0,RAM216,B789,1261117.227
4/9/2024 3:15,40.172859,37.836165,38000,4,4,0,QTR33P,A388,1261117.227
4/9/2024 3:15,41.057968,39.934937,38000,0,0,0,STW012,B773,1261117.227
4/9/2024 3:15,33.834641,44.71402,33975,0,0,0,ETD98V,B789,1192458.827
4/9/2024 3:17,33.696419,24.775829,44975,0,0,0,VJT929,GLEX,1371984.629
4/9/2024 3:17,41.683273,38.524621,40000,0,0,1712625276,HVN11,A359,1293878.974
4/9/2024 3:18,41.688088,38.364769,38000,0,0,1712625347,CPA271,A35K,1261117.227
4/9/2024 3:18,41.085068,40.054626,38000,6,6,0,BAW12,A388,1261117.227
4/9/2024 3:20,41.688367,38.411652,40000,0,0,1712625421,HVN19,A359,1293878.974
4/9/2024 3:21,33.76506,24.70203,36950,0,0,0,KNE659,A20N,1243571.846
4/9/2024 3:23,40.032486,41.679626,33000,0,0,0,AUA642,A320,1175223.94
4/9/2024 3:26,40.103636,40.728378,34000,0,0,0,UAE243,B77L,1192897.473
4/9/2024 3:29,37.236694,25.348497,37000,0,0,0,MSR780,A20N,1244412.95
4/9/2024 3:29,41.027232,39.457335,34000,0,0,0,THA920,B77W,1192897.473
4/9/2024 3:30,38.353958,26.261415,22325,0,0,0,SXS2RE,B738,966628.0504
4/9/2024 3:36,29.717743,31.685152,22275,0,0,0,MSC3108,A20N,965544.9934
4/9/2024 3:36,39.625443,42.196815,38000,0,0,0,,A359,1261117.227
4/9/2024 3:38,41.687531,38.393721,40000,0,0,1712626499,DLH727,A359,1293878.974
4/9/2024 3:39,40.665568,38.813574,36000,0,0,0,SIA26,B77W,1227481.373
4/9/2024 3:39,39.564655,42.366455,34000,0,0,0,,B77W,1192897.473
4/9/2024 3:44,40.907734,28.994606,6600,0,0,0,THY322,A321,525576.1239
4/9/2024 3:48,39.978836,37.43457,34000,0,0,0,QTR6V,B77W,1192897.473
4/9/2024 3:50,39.067291,34.541199,23325,0,0,0,SXS3UB,B738,988039.907
4/9/2024 3:51,36.925552,25.197786,38975,0,0,0,,B789,1277193.565
4/9/2024 3:54,41.022158,39.721506,39000,5,8,0,VTI018,B789,1277603.119
4/9/2024 3:56,33.238159,44.575119,34925,0,0,0,UAE81W,B77L,1209015.496
4/9/2024 3:57,40.472702,32.208294,23350,0,0,0,THY1AH,A320,988569.2614
4/9/2024 3:57,39.937863,37.238222,35950,0,0,0,AZV903,B752,1226628.659
4/9/2024 3:57,41.683712,38.498265,40000,0,0,1712627666,CPA289,A359,1293878.974
4/9/2024 3:57,40.057343,40.880798,40000,0,0,0,SIA351,A359,1293878.974
4/9/2024 4:03,40.336257,38.112633,36000,6,9,0,UAE7,A388,1227481.373
4/9/2024 4:03,41.009445,39.90033,38000,0,0,1712628188,CSC3863,A333,1261117.227
4/9/2024 4:05,33.459885,25.580601,1200,0,0,0,TAR913,A20N,224106.4122
4/9/2024 4:05,40.757786,28.918449,15125,0,0,0,THY71M,A333,795630.3688
4/9/2024 4:05,29.330284,33.91668,32000,0,0,0,JZR723,A320,1157280.536
4/9/2024 4:06,39.788544,36.939677,40000,0,0,0,THA900,A359,1293878.974
4/9/2024 4:06,41.686458,38.426343,40000,0,0,1712628210,THY85,A359,1293878.974
4/9/2024 4:06,33.819687,44.71447,38900,0,0,0,,A359,1275964.115
4/9/2024 4:08,40.578747,34.329403,35000,0,0,0,,B738,1210312.955
4/9/2024 4:09,33.295624,25.7096,43000,0,0,0,,GLF6,1341522.273
4/9/2024 4:09,40.038649,40.941426,40000,0,0,0,SIA352,A359,1293878.974
4/9/2024 4:14,40.279312,38.035706,34000,6,8,0,CSC3895,A332,1192897.473
4/9/2024 4:15,33.208549,25.777794,37000,0,0,0,,A359,1244412.95
4/9/2024 4:15,36.9091,30.7981,37000,0,0,0,,A20N,1244412.95
4/9/2024 4:17,41.022484,39.977001,37975,0,8,0,DKH1657,B789,1260702.317
4/9/2024 4:18,40.632236,38.930865,30000,4,0,0,UAE213,B77W,1120532.061
4/9/2024 4:20,41.597218,38.834307,40000,0,0,1712629068,THA960,A359,1293878.974
4/9/2024 4:20,40.122894,40.662231,32000,0,0,0,AIC105,B77W,1157280.536
4/9/2024 4:21,40.334628,37.935229,36000,0,0,0,QTR189,A320,1227481.373
4/9/2024 4:23,33.538746,44.638515,32875,0,0,0,,B77L,1172996.026
4/9/2024 4:27,40.341145,38.097839,34000,6,7,0,ETD93C,A35K,1192897.473
4/9/2024 4:29,37.538048,25.580112,40975,0,0,0,ELY025,B788,1309553.185
4/9/2024 4:29,41.929321,33.802822,30000,0,0,0,TUA911,B738,1120532.061
4/9/2024 4:33,40.214616,37.764067,38000,4,4,0,UAE1KM,A388,1261117.227
4/9/2024 4:33,30.186239,38.982239,33000,0,0,0,,A20N,1175223.94
4/9/2024 4:36,38.176514,25.988935,37550,0,0,0,MSC2987,A20N,1253627.847
4/9/2024 4:38,40.619659,31.910767,27175,6,0,0,SXS4W,B738,1066469.492
4/9/2024 4:38,37.163727,32.986859,37000,6,9,0,AZV965,B752,1244412.95
4/9/2024 4:39,30.084197,31.351575,21050,0,0,0,RJA712,E195,938619.7971
4/9/2024 4:41,39.865335,37.112854,36000,0,0,0,ETD39B,A35K,1227481.373
4/9/2024 4:41,40.114883,40.649902,34000,6,8,0,DLH761,A343,1192897.473
4/9/2024 4:42,40.021471,37.431918,36000,6,9,0,AZV1001,B752,1227481.373
4/9/2024 4:42,39.931206,40.56065,36000,0,0,0,SIA306,B77W,1227481.373
4/9/2024 4:44,40.328247,38.129883,36000,0,8,0,QTR263,A320,1227481.373
4/9/2024 4:51,36.91,30.7985,600,0,0,0,TKJ3BQ,B738,158467.1638
4/9/2024 4:54,40.9953,39.806763,38000,6,6,0,THA924,A359,1261117.227
4/9/2024 4:56,41.410263,30.624901,29350,6,0,0,PGT2V,A21N,1108326.488
4/9/2024 5:05,39.20015,35.872925,37000,0,0,0,TKJ2DC,B738,1244412.95
4/9/2024 5:06,31.455048,35.813545,14150,0,0,0,JAV1820,A320,769558.9259
4/9/2024 5:06,41.156275,37.961509,36000,2,7,0,AFR379V,B77W,1227481.373
4/9/2024 5:06,32.955166,44.532745,36000,0,0,0,PGT746,B738,1227481.373
4/9/2024 5:12,39.95105,41.725647,36000,0,0,0,PGT708,A20N,1227481.373
4/9/2024 5:21,39.562,27.241028,39575,0,0,0,,B738,1286986.886
4/9/2024 5:24,39.013138,36.923794,28000,0,0,0,TKJ2RU,A21N,1082536.817
4/9/2024 5:35,32.378128,44.432884,5175,0,0,0,,MD88,465391.9179
4/9/2024 5:48,39.793076,36.835068,40000,0,0,0,SIA366,A359,1293878.974
4/9/2024 5:51,33.446526,25.591026,36000,0,0,0,,A332,1227481.373
4/9/2024 5:51,41.821461,31.684761,35000,0,0,0,THY50V,A321,1210312.955
4/9/2024 5:53,30.084183,31.351588,27825,0,0,0,RJA501,A320,1079148.587
4/9/2024 5:56,38.932617,36.712429,29475,0,0,0,TKJ3XG,A21N,1110684.131
4/9/2024 6:00,36.891499,30.8011,450,0,0,0,,B738,137236.5895
4/9/2024 6:00,29.585623,31.739449,21900,0,0,0,,A320,957383.0127
4/9/2024 6:03,31.659668,38.542679,34000,0,0,0,CHZ256,B763,1192897.473
4/9/2024 6:08,38.359371,31.694422,29275,0,0,0,AZO5038,SU95,1106909.492
4/9/2024 6:12,39.188873,42.698963,36550,0,0,0,IRM064,A343,1236822.424
4/9/2024 6:14,30.084183,31.351588,40000,0,0,0,,A333,1293878.974
4/9/2024 6:21,37.557953,25.432707,39000,0,0,0,,A35K,1277603.119
4/9/2024 6:32,41.258011,38.992798,9925,0,0,0,THY2NQ,A321,644508.8981
4/9/2024 6:33,33.818246,35.490818,2200,0,0,0,MEA426,A332,303441.5166
4/9/2024 6:33,39.183578,42.721375,33975,0,0,0,,B735,1192458.827
4/9/2024 6:39,35.583646,30.851304,34975,0,8,0,LMU604,A320,1209880.624
4/9/2024 6:39,29.309381,31.29224,38000,0,0,0,THY6200,A332,1261117.227
4/9/2024 6:45,36.913898,30.8008,30650,0,0,0,,B738,1132606.108
4/9/2024 6:47,31.967748,34.743254,575,0,10,0,4XHPN,AP32,155130.6393
4/9/2024 6:48,29.26688,32.609145,24125,5,5,0,KHH062,B735,1004840.94
4/9/2024 6:50,41.695953,38.156204,34000,6,8,0,AHY8103,A320,1192897.473
4/9/2024 7:00,37.741241,27.613493,7750,0,0,0,TCUCM,P208,569527.2535
4/9/2024 7:03,33.75796,35.424385,3225,6,7,0,MEA211,A332,367391.0053
4/9/2024 7:03,29.070383,35.879356,38000,0,0,0,,B789,1261117.227
4/9/2024 7:03,41.693395,38.193778,34025,0,0,1712638631,AHY063,A320,1193335.957
4/9/2024 7:03,40.002106,41.828571,37950,0,0,0,PIA705,B772,1260287.271
4/9/2024 7:05,40.651062,28.65625,10125,0,0,0,FDX4604,B738,650970.3017
4/9/2024 7:08,41.683731,38.519689,40000,0,0,1712639116,THY8LG,A359,1293878.974
4/9/2024 7:09,38.316055,25.932293,37000,0,0,0,,B752,1244412.95
4/9/2024 7:09,36.889999,30.798901,7250,0,0,0,,B738,550849.1241
4/9/2024 7:11,39.36763,35.201031,31000,0,0,0,TKJ9AY,B738,1139054.507
4/9/2024 7:12,36.896599,30.7957,300,0,0,0,,B738,112053.2061
4/9/2024 7:12,39.609512,42.236164,37975,0,0,0,,B788,1260702.317
4/9/2024 7:17,37.729843,25.535089,41650,0,0,0,,H25B,1320295.56
4/9/2024 7:26,37.255005,25.330381,3950,0,0,0,SEH1AM,AT76,406595.1629
4/9/2024 7:29,37.381073,25.522409,28825,0,0,0,AEE2HO,A320,1098369.129
4/9/2024 7:30,41.138166,38.650464,14450,0,0,0,TKJ1MZ,B738,777674.0072
4/9/2024 7:38,32.897442,44.573441,34025,0,0,0,KAC135,A20N,1193335.957
4/9/2024 7:41,33.44838,26.902882,40000,0,0,0,,A359,1293878.974
4/9/2024 7:42,40.074509,27.886719,37000,0,0,0,,B738,1244412.95
4/9/2024 7:44,37.173172,29.087618,21775,0,0,0,TKJ95H,A21N,954646.8453
4/9/2024 7:45,40.623345,38.863012,38000,0,7,0,CHH743,B789,1261117.227
4/9/2024 7:47,33.796967,24.668398,37000,0,0,0,,B748,1244412.95
4/9/2024 7:48,30.904175,35.744288,16100,0,0,0,RJA305,A319,820874.1846
4/9/2024 7:50,41.906044,31.759623,35000,0,0,0,THY4LN,A321,1210312.955
4/9/2024 7:50,40.347895,38.084106,35975,4,7,0,VIR317,B789,1227055.09
4/9/2024 8:02,40.272171,38.035095,34025,0,0,0,KZR215,A21N,1193335.957
4/9/2024 8:06,32.004456,34.812653,3000,6,8,0,4XCZA,B738,354343.3504
4/9/2024 8:14,39.109131,42.80196,36650,0,0,0,IGO012,B77W,1238513.228
4/9/2024 8:21,32.945984,44.522148,35025,0,0,0,QTR8361,B77L,1210745.133
4/9/2024 8:23,39.430527,42.440426,36000,0,0,0,FDB1290,B38M,1227481.373
4/9/2024 8:27,31.956345,34.750909,525,6,10,0,4XHYI,AP32,148232.4585
4/9/2024 8:27,32.893341,44.577797,36000,0,0,0,QTR88R,B77W,1227481.373
4/9/2024 8:30,41.946167,32.14687,34000,0,0,0,CLX7441,B744,1192897.473
4/9/2024 8:33,33.500385,44.649784,32975,0,0,0,UAE60L,B77W,1174778.695
4/9/2024 8:35,33.414497,44.674896,33000,0,0,0,KAC171,B77W,1175223.94
4/9/2024 8:36,30.840591,30.519482,28350,0,0,0,MSR043,B738,1089281.66
4/9/2024 8:38,37.561001,25.52154,39000,0,0,0,ELY002,B789,1277603.119
4/9/2024 8:38,34.149044,44.648609,39025,0,0,0,KAC382,A338,1278012.542
4/9/2024 8:41,39.338131,42.564941,34000,0,0,0,QSM2214,A306,1192897.473
4/9/2024 8:42,33.430344,44.670906,38000,0,0,0,UAE52M,A388,1261117.227
4/9/2024 8:50,33.412125,44.667774,32000,0,0,0,UAE714,B77W,1157280.536
4/9/2024 8:51,32.960403,44.467823,37050,0,0,0,,B77W,1245253.486
4/9/2024 8:54,29.978165,32.098927,21300,0,0,0,MSR936,B789,944177.0973
4/9/2024 8:54,32.007038,34.901211,250,0,0,0,,GALX,102290.1144
4/9/2024 8:56,39.956531,40.747043,38025,6,7,0,UZB279,A20N,1261532
4/9/2024 8:57,41.741997,31.973024,37025,0,0,0,,A320,1244833.289
4/9/2024 8:59,30.232373,33.85014,34000,0,0,0,FDB3VD,B38M,1192897.473
4/9/2024 9:00,30.2867,33.816687,32000,0,8,0,UAE26K,B77W,1157280.536
4/9/2024 9:05,40.137268,40.617859,36000,0,0,0,FDB4GA,B38M,1227481.373
4/9/2024 9:09,33.646236,24.828873,35025,0,0,0,EDW15T,A320,1210745.133
4/9/2024 9:14,33.751465,24.711054,41000,0,0,0,,B789,1309952.621
4/9/2024 9:15,41.2174,33.574718,39000,0,0,0,QTR8148,B77L,1277603.119
4/9/2024 9:23,33.539303,44.63818,39975,0,0,0,QTR645,B788,1293474.574
4/9/2024 9:26,41.054169,35.578674,32950,6,0,0,TKJ4VA,A21N,1174333.282
4/9/2024 9:30,40.018021,27.78186,33000,0,0,0,,B738,1175223.94
4/9/2024 9:30,40.000431,41.806412,36000,0,0,0,VSV5265,B39M,1227481.373
4/9/2024 9:33,29.019928,34.90573,38000,0,0,0,QTR9T,A332,1261117.227
4/9/2024 9:35,34.79789,44.318161,10400,0,0,0,,C208,659751.4138
4/9/2024 9:36,29.06531,35.712837,34000,0,0,0,ABY423,A320,1192897.473
4/9/2024 9:39,38.717606,43.033447,36700,0,0,0,FIN5KF,A333,1239357.765
4/9/2024 9:42,41.161583,34.413113,36000,0,0,0,PBD839,B738,1227481.373
4/9/2024 9:44,40.274807,27.935299,37000,0,0,0,NOZ4TL,B738,1244412.95
4/9/2024 9:47,29.107811,34.416665,38000,6,6,0,UAE1EW,A388,1261117.227
4/9/2024 9:51,40.303719,28.022627,37000,0,0,0,,B738,1244412.95
4/9/2024 9:53,33.537537,44.660095,37125,0,0,0,ABY357,A320,1246513.226
4/9/2024 9:54,33.597775,44.621716,31975,0,0,0,,A320,1156828.385
4/9/2024 9:57,29.02155,34.283699,27975,0,0,0,ABY119,A321,1082053.434
4/9/2024 9:59,39.495071,27.232122,37000,0,0,0,EWG9974,A321,1244412.95
4/9/2024 9:59,33.852768,44.545074,38000,0,0,0,,A359,1261117.227
4/9/2024 10:02,38.786636,26.484634,35000,0,0,0,CFG3FK,A321,1210312.955
4/9/2024 10:02,39.577103,42.330204,36000,0,0,0,FDB9KP,B38M,1227481.373
4/9/2024 10:02,33.494385,44.651733,34000,0,0,0,,A320,1192897.473
4/9/2024 10:05,40.328339,38.15094,38000,0,0,0,THY4327,B738,1261117.227
4/9/2024 10:06,28.896418,35.413406,34000,0,0,0,QTR99Q,A320,1192897.473
4/9/2024 10:08,33.592793,44.622631,39000,0,0,0,UAE9H,A388,1277603.119
4/9/2024 10:11,39.514389,27.205433,37000,0,0,0,CND269,B39M,1244412.95
4/9/2024 10:15,38.708771,43.064674,34775,0,0,0,ETD259,A320,1206416.391
4/9/2024 10:17,32.949417,44.519127,36000,0,0,0,,A20N,1227481.373
4/9/2024 10:23,33.737732,24.731682,37000,0,0,0,,B77W,1244412.95
4/9/2024 10:23,41.161057,39.536072,38000,0,0,1712650584,THY369,A333,1261117.227
4/9/2024 10:26,29.788284,38.348782,35400,0,0,0,RSX5212,B738,1217209.381
4/9/2024 10:26,39.112701,42.65197,34000,0,0,0,,A310,1192897.473
4/9/2024 10:27,28.926676,35.318298,34000,0,0,0,QTR47V,B77W,1192897.473
4/9/2024 10:29,33.414219,25.671461,35975,0,0,0,,B78X,1227055.09
4/9/2024 10:29,37.335892,27.548569,5425,0,0,0,,,476500.687
4/9/2024 10:29,29.188765,34.894032,33975,0,0,0,ADY450,A320,1192458.827
4/9/2024 10:29,39.61528,42.219685,36025,0,0,0,FDB93Q,B38M,1227907.507
4/9/2024 10:30,30.111012,31.119709,28375,0,0,0,,B738,1089761.837
4/9/2024 10:30,40.996647,39.795352,30000,0,0,1712651382,GEL902,B742,1120532.061
4/9/2024 10:32,40.209774,27.817133,37025,0,0,0,EJU98RK,A20N,1244833.289
4/9/2024 10:32,41.006423,39.753217,33000,0,0,0,BOX530,B77L,1175223.94
4/9/2024 10:32,39.574539,42.335518,32000,0,0,0,BOX625,B77L,1157280.536
4/9/2024 10:33,33.270172,25.729542,38000,0,0,0,,B789,1261117.227
4/9/2024 10:42,31.711395,35.959599,4175,4,0,0,,A320,418015.0323
4/9/2024 10:44,39.798858,36.78833,36000,6,9,0,FDB5KG,B38M,1227481.373
4/9/2024 10:47,33.728806,24.741436,35000,0,0,0,TUI18V,B738,1210312.955
4/9/2024 10:56,35.647099,28.14633,16000,0,0,0,,AN26,818320.915
4/9/2024 11:02,33.79953,24.66526,36975,0,0,0,EJU39PT,A20N,1243992.469
4/9/2024 11:03,36.253098,24.959164,45000,0,0,0,,GLEX,1372365.895
4/9/2024 11:03,38.832993,26.434021,37000,0,0,0,,B738,1244412.95
4/9/2024 11:05,33.818115,35.490716,17075,0,0,0,A1340,C30J,845364.5192
4/9/2024 11:08,33.818298,35.490772,16000,0,9,0,FDB1211,B38M,818320.915
4/9/2024 11:14,40.634995,33.963196,33250,0,0,0,AFL423,B77W,1179667.147
4/9/2024 11:15,41.210228,34.11105,35000,0,0,0,AFL427,B77W,1210312.955
4/9/2024 11:15,40.572184,38.735171,36000,6,8,0,SBI3745,B738,1227481.373
4/9/2024 11:17,31.589651,38.181061,34025,0,0,0,,A320,1193335.957
4/9/2024 11:20,40.110718,33.271118,13100,0,0,0,,B738,740456.0872
4/9/2024 11:26,29.060715,35.552235,36000,0,0,0,,A320,1227481.373
4/9/2024 11:27,29.878143,32.496819,22175,0,0,0,RBG410,A320,963375.2266
4/9/2024 11:27,40.81244,39.587111,33025,0,0,0,BOX538,B77L,1175669.017
4/9/2024 11:29,33.280289,25.721577,36000,0,0,0,,B789,1227481.373
4/9/2024 11:30,40.993195,29.073303,4850,0,0,0,SVR773,A319,450541.2184
4/9/2024 11:30,31.618094,36.791345,28150,4,8,0,JZR252,A320,1085432.596
4/9/2024 11:36,38.878101,26.385437,36975,0,0,0,EZY54NM,A320,1243992.469
4/9/2024 11:36,40.288147,27.924683,39000,0,0,0,EZY65GJ,A20N,1277603.119
4/9/2024 11:36,33.78538,35.458431,3875,0,0,1712655345,IAW132,B738,402716.583
4/9/2024 11:38,32.944134,44.524506,34000,0,0,0,,A320,1192897.473
4/9/2024 11:44,39.589653,27.113647,41000,0,0,0,,LJ45,1309952.621
4/9/2024 11:50,33.743179,24.725685,37000,0,0,0,,B38M,1244412.95
4/9/2024 11:51,40.103403,40.730189,38000,0,9,0,IRA711,A332,1261117.227
4/9/2024 11:51,39.19194,42.704933,33975,0,0,0,,A310,1192458.827
4/9/2024 11:54,39.185806,42.716156,38700,0,0,0,THY58,A333,1272679.775
4/9/2024 11:57,40.094513,27.921326,37025,0,0,0,,A320,1244833.289
4/9/2024 11:59,38.806736,26.461182,33450,0,0,0,EZY52JT,A20N,1183209.699
4/9/2024 12:00,38.11409,25.969868,39800,0,0,0,TVF17ZP,B738,1290640.223
4/9/2024 12:03,41.062007,39.994354,34000,0,0,1712656174,SDM5567,B738,1192897.473
4/9/2024 12:06,37.44191,25.600599,38975,0,0,0,ELY027,B789,1277193.565
4/9/2024 12:06,34.926361,30.458922,35025,4,9,0,GEC8344,A321,1210745.133
4/9/2024 12:08,38.757809,26.516296,35025,0,0,0,,A21N,1210745.133
4/9/2024 12:09,33.350723,25.66608,32975,0,0,0,,B77W,1174778.695
4/9/2024 12:12,41.015442,29.151978,8150,0,0,0,THY356,A332,584039.8278
4/9/2024 12:12,41.688879,38.358126,40000,0,0,1712657311,CPA257,A359,1293878.974
4/9/2024 12:14,33.680237,24.79306,35000,0,0,0,QTR1L,B77W,1210312.955
4/9/2024 12:23,40.882919,39.99115,38000,6,0,1712657907,TGZ773,B737,1261117.227
4/9/2024 12:23,32.344959,44.395584,9125,0,0,0,,A320,617988.0774
4/9/2024 12:24,33.782913,24.682961,35000,0,0,0,,A320,1210312.955
4/9/2024 12:29,37.338959,27.567327,7050,0,0,0,,,543198.0702
4/9/2024 12:32,33.731415,24.738409,37000,0,0,0,QTR18L,B77W,1244412.95
4/9/2024 12:32,34.992416,30.330954,37000,1,8,0,,A321,1244412.95
4/9/2024 12:33,33.713596,24.757118,37000,0,0,0,TFL5HE,B38M,1244412.95
4/9/2024 12:38,33.777969,24.688633,41000,0,0,0,,B788,1309952.621
4/9/2024 12:42,33.632408,24.845524,37000,0,0,0,UAL163,B772,1244412.95
4/9/2024 12:47,30.480835,38.739033,33750,0,0,0,SVA633,A320,1188503.728
4/9/2024 12:50,38.657303,26.286804,42975,0,0,0,,C56X,1341132.239
4/9/2024 12:54,41.231827,38.735229,33000,0,0,0,THY8XV,B38M,1175223.94
4/9/2024 12:57,40.771912,28.855164,22075,0,0,0,CAI214,B738,961200.5619
4/9/2024 12:57,36.890499,30.799601,475,0,0,0,,B734,140997.1923
4/9/2024 12:59,41.684418,38.492785,40000,0,0,1712660100,AAR541,A359,1293878.974
4/9/2024 13:00,33.236809,25.755877,36000,0,0,0,,A333,1227481.373
4/9/2024 13:11,41.688354,38.381299,40000,0,0,1712660868,DLH743,A359,1293878.974
4/9/2024 13:14,33.796646,24.668566,33000,0,0,0,,C17,1175223.94
4/9/2024 13:18,28.676644,33.467102,34025,0,0,0,,A20N,1193335.957
4/9/2024 13:27,41.838364,31.623522,33000,0,0,0,AIC131,B77W,1175223.94
4/9/2024 13:27,41.681058,38.553325,32000,0,8,0,TAY847,B744,1157280.536
4/9/2024 13:29,36.077053,31.949411,26950,0,0,0,DLH1768,A321,1062045.308
4/9/2024 13:36,33.737137,24.732803,39000,0,0,0,,B38M,1277603.119
4/9/2024 13:36,32.893158,44.577812,34000,6,0,0,,B744,1192897.473
4/9/2024 13:42,28.756348,33.35502,32025,6,9,0,SVA275,A320,1157732.511
4/9/2024 13:45,33.818253,35.490829,4625,0,0,1712663081,THY1SZ,B739,439966.4178
4/9/2024 13:48,34.999283,30.306459,37050,5,8,0,DLH692,A321,1245253.486
4/9/2024 13:53,40.640848,38.899966,30000,0,0,0,BOX593,B77L,1120532.061
4/9/2024 13:57,41.248681,36.436906,35000,0,0,0,QNT572,A320,1210312.955
4/9/2024 14:08,33.818253,35.490829,35000,0,0,0,KNE258,A20N,1210312.955
4/9/2024 14:12,41.062938,39.992606,36000,6,8,0,BRU8141,B738,1227481.373
4/9/2024 14:18,33.726105,24.743454,39000,0,0,0,BAW65,A35K,1277603.119
4/9/2024 14:23,41.544113,38.173495,21825,0,0,0,THY80N,B739,955742.2523
4/9/2024 14:24,41.149017,33.747498,37000,0,0,0,,B748,1244412.95
4/9/2024 14:24,41.090775,33.957493,39000,0,0,0,,A35K,1277603.119
4/9/2024 14:26,33.770809,24.696007,39000,0,0,0,UAE1Y,A388,1277603.119
4/9/2024 14:26,35.274719,31.293011,40525,6,8,0,PNC7D,C56X,1302342.375
4/9/2024 14:29,34.534286,24.670977,30975,0,0,0,,A400,1138595.118
4/9/2024 14:30,41.831497,34.229965,34000,0,0,0,,B77W,1192897.473
4/9/2024 14:33,34.184193,44.61462,32975,0,0,0,UAE33Y,B77W,1174778.695
4/9/2024 14:38,37.431198,25.617954,39000,0,0,0,,A333,1277603.119
4/9/2024 14:41,33.739201,24.729996,37025,0,0,0,,A21N,1244833.289
4/9/2024 14:44,39.590057,42.292824,36000,0,0,0,,B788,1227481.373
4/9/2024 14:45,33.670025,24.80381,37000,0,0,0,,B738,1244412.95
4/9/2024 14:47,41.325817,30.341805,35000,0,0,0,WMT87SG,A21N,1210312.955
4/9/2024 14:47,41.24025,36.469971,33000,6,7,0,PGT326,A20N,1175223.94
4/9/2024 14:48,41.680664,38.606456,37975,0,0,0,APZ5245,B789,1260702.317
4/9/2024 14:50,40.870163,29.183121,23275,0,0,0,,A310,986980.3464
4/9/2024 14:53,35.183075,31.153471,39050,0,0,0,GFA016,A21N,1278421.833
4/9/2024 14:54,33.307011,25.700497,35975,0,0,0,,B78X,1227055.09
4/9/2024 14:56,33.704845,24.765415,37000,0,0,0,DLH439,A333,1244412.95
4/9/2024 15:03,41.688354,38.371499,40000,0,0,1712667586,CPA239,A359,1293878.974
4/9/2024 15:06,33.700058,24.771927,43000,0,0,0,,GLF5,1341522.273
4/9/2024 15:11,39.596775,42.273682,39975,0,0,0,AIC121,B788,1293474.574
4/9/2024 15:18,39.499695,27.2243,37000,0,0,0,EXS93G,B738,1244412.95
4/9/2024 15:20,42.116364,35.649137,39000,4,4,0,,A388,1277603.119
4/9/2024 15:21,41.680618,38.605707,38000,6,6,0,AAR511,A359,1261117.227
4/9/2024 15:23,36.492996,25.124271,37000,0,0,0,TUI46G,B738,1244412.95
4/9/2024 15:26,39.574814,27.131634,27950,0,0,0,EXS321P,B738,1081569.834
4/9/2024 15:26,41.917099,33.856804,30000,0,0,0,PLF120,B738,1120532.061
4/9/2024 15:35,41.877731,32.533825,38000,0,0,0,,B738,1261117.227
4/9/2024 15:38,41.765178,38.326253,38025,0,0,1712669340,DLH721,A343,1261532
4/9/2024 15:44,41.085754,29.264709,7875,0,0,0,THY6BU,B38M,574101.8431
4/9/2024 15:45,41.035891,40.086053,32000,4,9,0,UPS15,B748,1157280.536
4/9/2024 15:45,34.043232,44.627266,35025,0,0,0,,B77W,1210745.133
4/9/2024 15:47,29.054626,35.394306,32000,0,0,0,UPS9,B748,1157280.536
4/9/2024 15:48,33.79454,35.474013,2525,6,0,1712670490,PGT759,A20N,325083.069
4/9/2024 15:48,41.688858,38.353833,40000,0,0,1712670267,AAR521,A359,1293878.974
4/9/2024 15:50,33.657593,24.817257,35000,0,0,0,WMT6391,A21N,1210312.955
4/9/2024 15:53,40.754108,28.863331,20400,0,0,0,,A321,924014.409
4/9/2024 15:56,39.560806,42.373192,34000,0,0,0,,B77W,1192897.473
4/9/2024 16:03,37.254406,25.325636,4350,0,0,0,,AT76,426685.8968
4/9/2024 16:08,33.724365,24.746031,41000,0,0,0,,A339,1309952.621
4/9/2024 16:08,41.970795,34.051498,34000,0,0,0,,B77W,1192897.473
4/9/2024 16:09,32.367911,34.502788,5400,6,8,0,LRQ175E,LJ45,475401.4914
4/9/2024 16:09,41.921501,36.783823,33000,5,8,0,CPA260,B77W,1175223.94
4/9/2024 16:11,30.176743,33.764918,28000,0,0,0,JZR741,A320,1082536.817
4/9/2024 16:11,39.803513,41.940857,34000,0,0,0,,B77W,1192897.473
4/9/2024 16:12,40.188595,27.82712,38950,0,0,0,EWG7GC,A319,1276783.88
4/9/2024 16:12,29.081406,34.50494,38000,6,7,0,QTR6J,A333,1261117.227
4/9/2024 16:12,41.020432,39.871582,34025,0,0,1712671523,AZV1005,B763,1193335.957
4/9/2024 16:12,39.567352,42.358704,34000,0,0,0,SWR181,B77W,1192897.473
4/9/2024 16:14,34.167015,44.648151,36000,0,0,0,QTR975,B789,1227481.373
4/9/2024 16:15,41.8797,36.664311,34000,6,7,0,WZZ19GU,A320,1192897.473
4/9/2024 16:15,41.057785,39.14856,38000,0,0,1712671253,UPS11,B744,1261117.227
4/9/2024 16:15,34.378223,44.602375,34000,0,0,0,,B77W,1192897.473
4/9/2024 16:27,35.492404,31.216541,39475,6,0,0,LDX350,CL35,1285359.848
4/9/2024 16:32,34.302383,44.696869,40025,0,0,0,QTR3Y,A359,1294283.248
4/9/2024 16:35,41.874622,31.486498,41000,0,0,0,UAE5RQ,A388,1309952.621
4/9/2024 16:44,30.048026,31.377393,38000,0,9,0,RAM247,B788,1261117.227
4/9/2024 16:50,41.22657,34.61068,34025,0,0,0,,SU95,1193335.957
4/9/2024 16:56,28.861404,33.205279,28000,6,8,0,,A321,1082536.817
4/9/2024 16:59,36.264378,24.979872,20150,0,0,0,TVF68NR,B738,918335.1025
4/9/2024 16:59,30.084197,31.351575,34025,0,0,0,TUI3AX,B738,1193335.957
4/9/2024 17:00,40.07589,40.820202,37975,6,8,0,AIC165,B788,1260702.317
4/9/2024 17:05,36.53336,25.075359,19850,0,0,0,,A320,911473.2248
4/9/2024 17:08,41.949572,36.344434,35025,0,0,0,THA911,B77W,1210745.133
4/9/2024 17:11,40.112621,27.866884,37025,0,0,0,EJU63EN,A320,1244833.289
4/9/2024 17:20,42.007529,36.374391,33025,0,0,0,,B748,1175669.017
4/9/2024 17:20,41.930904,36.596289,31000,0,0,0,THY20,B77W,1139054.507
4/9/2024 17:20,31.163818,38.532501,31025,0,0,0,QTR5V,A333,1139513.711
4/9/2024 17:30,41.131184,29.40135,9150,0,0,0,THY1GH,A321,618834.0573
4/9/2024 17:30,41.124344,33.811768,40975,0,0,0,,B788,1309553.185
4/9/2024 17:32,41.031934,39.903093,34000,0,0,0,RWZ4623,SU95,1192897.473
4/9/2024 17:42,38.171299,25.995264,35000,0,0,0,AFR703,B77W,1210312.955
4/9/2024 17:50,40.044142,40.921513,40000,0,9,0,SIA332,A359,1293878.974
4/9/2024 17:53,33.705872,24.765818,41000,0,0,0,QTR50A,B789,1309952.621
4/9/2024 17:54,41.698655,38.034668,34000,0,9,0,CLX82BS,B748,1192897.473
4/9/2024 17:56,32.924118,44.5453,39100,0,0,0,FDB1026,B38M,1279240.023
4/9/2024 18:09,33.72345,24.74704,39000,0,0,0,QTR773,B77L,1277603.119
4/9/2024 18:12,41.370529,39.326111,34000,0,7,0,TUA921,B738,1192897.473
4/9/2024 18:24,41.147243,29.484245,23750,0,0,0,THY9QF,B738,997000.7084
4/9/2024 18:27,42.094025,35.804943,39000,0,0,0,,A359,1277603.119
4/9/2024 18:27,41.057212,39.976564,36000,6,7,0,BRU8213,B738,1227481.373
4/9/2024 18:32,36.44463,25.070917,25100,0,0,0,EZS34NG,A20N,1024944.904
4/9/2024 18:33,39.610062,27.088703,39000,0,0,0,,A20N,1277603.119
4/9/2024 18:35,41.682312,38.553897,40000,0,0,1712680305,SAS998,A359,1293878.974
4/9/2024 18:38,33.336849,25.677011,34000,0,0,0,,B77W,1192897.473
4/9/2024 18:44,31.677292,37.809825,32550,0,0,0,RJA621,A320,1167183.545
4/9/2024 18:48,33.674561,24.798834,39025,0,0,0,,A20N,1278012.542
4/9/2024 18:53,30.084197,31.351575,32025,0,0,0,FAD761,A320,1157732.511
4/9/2024 18:54,29.928864,31.047579,32000,0,0,0,UPS3,B748,1157280.536
4/9/2024 19:14,41.074356,40.02832,34000,0,0,1712682576,SDM5555,B738,1192897.473
4/9/2024 19:20,33.795483,24.6698,33000,0,0,0,,B737,1175223.94
4/9/2024 19:20,33.27919,25.791723,38000,0,0,0,,B789,1261117.227
4/9/2024 19:27,35.809564,31.105451,33725,6,7,0,RYR3553,B738,1188063.46
4/9/2024 19:32,37.314739,25.424334,28325,0,0,0,APP951,E145,1088801.271
4/9/2024 19:33,41.190353,39.242126,33025,6,9,0,AFR1060,A321,1175669.017
4/9/2024 19:35,40.679443,28.638245,7400,0,0,0,,A306,556518.3896
4/9/2024 19:35,40.920486,29.057278,21400,0,0,0,THY32W,B77W,946390.8801
4/9/2024 19:39,29.351232,34.357264,25775,0,4,0,LMU611,A321,1038635.104
4/9/2024 19:45,39.213181,42.562527,36650,0,0,0,,B734,1238513.228
4/9/2024 19:54,30.501663,38.932854,34650,0,0,0,,A20N,1204246.186
4/9/2024 20:15,38.355412,26.402355,18575,0,0,0,,B738,881714.679
4/9/2024 20:26,40.035645,40.9505,36000,0,0,0,FDB14Q,B38M,1227481.373
4/9/2024 20:41,36.55275,25.078182,23600,0,0,0,EZY523W,A320,993847.2981
4/9/2024 21:29,38.80455,26.464294,44750,0,0,0,,CL35,1368548.458
4/9/2024 21:32,36.495975,25.036322,25725,0,0,0,,B738,1037627.209
4/9/2024 21:56,41.110142,33.842323,37000,0,0,0,,B77L,1244412.95
4/9/2024 22:08,40.689915,28.58449,10400,0,0,0,,A320,659751.4138
4/9/2024 22:11,33.765244,24.702478,42025,0,0,0,PLM173P,A333,1326225.949
4/9/2024 22:17,29.0327,35.203681,39975,0,9,0,N558GA,GLF5,1293474.574
4/9/2024 22:26,33.732265,24.73772,39000,0,0,0,TAR695,A320,1277603.119
4/9/2024 22:33,31.769808,36.112114,5800,0,0,0,,E75S,492694.4347
4/9/2024 22:42,37.20108,33.343856,35000,0,0,0,QTR418,A332,1210312.955
4/9/2024 22:53,41.580322,32.548744,38975,0,0,0,,B788,1277193.565
4/9/2024 22:54,36.388721,25.039478,20450,0,0,0,AEE127,A320,925146.0866
4/9/2024 22:57,30.084183,31.351587,38000,0,0,0,ABY865,A320,1261117.227
4/9/2024 23:09,39.492546,27.235901,37000,0,0,0,BAW639A,A21N,1244412.95
4/9/2024 23:12,33.658035,24.81649,39000,0,0,0,CFG2282,A339,1277603.119
4/9/2024 23:15,34.587894,24.79414,37025,0,0,0,LWA100,A319,1244833.289
4/9/2024 23:20,32.761322,29.805524,39025,0,0,1712697568,BAW4TH,A20N,1278012.542
4/9/2024 23:21,29.042542,35.052725,40000,6,6,0,UAE29N,A388,1293878.974
4/9/2024 23:26,40.720505,34.800659,40950,0,0,0,QQE708,GL5T,1309153.626
4/9/2024 23:38,32.943064,29.606641,39000,4,6,0,AFR570,B789,1277603.119
4/9/2024 23:54,42.012955,36.348579,34975,0,0,0,KLM807,B789,1209880.624
4/10/2024 0:12,42.041047,36.325783,39000,0,0,0,HKC365,A332,1277603.119
4/10/2024 0:15,33.80479,24.660187,31000,0,0,0,AFR642,B77W,1139054.507
4/10/2024 0:18,42.225494,33.489887,37000,0,0,0,EVE763,A359,1244412.95
4/10/2024 0:20,41.939117,36.826734,33000,0,0,0,KAL908,B77W,1175223.94
4/10/2024 0:26,41.731614,36.645983,31225,4,9,0,AZG290,B744,1143180.699
4/10/2024 0:27,34.646224,30.197926,37000,2,8,0,UAE96,B77W,1244412.95
4/10/2024 0:35,37.078252,32.168685,37050,0,0,0,SDR20KL,A319,1245253.486
4/10/2024 0:44,41.259888,35.727234,45000,0,8,0,N888DQ,GA6C,1372365.895
4/10/2024 0:45,32.316742,30.224982,33875,0,8,0,DLH586,A21N,1190702.627
4/10/2024 0:53,29.095381,36.479187,38175,6,0,0,ETH428,B38M,1264017.78
4/10/2024 0:57,36.973099,30.805,3650,0,0,0,,A20N,390849.9783
4/10/2024 0:59,35.966721,30.828838,39000,0,0,0,THY96,A333,1277603.119
4/10/2024 0:59,42.032667,36.268488,39025,0,0,0,SIA21,A359,1278012.542
4/10/2024 1:00,41.97226,36.627544,35000,0,0,0,DLH726,A359,1210312.955
4/10/2024 1:14,35.723969,30.947399,35000,0,0,0,THY144,A21N,1210312.955
4/10/2024 1:14,40.34054,36.507381,39000,0,0,0,DLH772,A359,1277603.119
4/10/2024 1:42,33.544193,44.629669,32625,0,0,0,HGO311,B744,1168527.453
4/10/2024 1:51,33.818253,35.490829,33000,0,0,0,SWR176,B77W,1175223.94
4/10/2024 1:51,40.513824,40.926636,35000,0,0,0,DLH1560,A320,1210312.955
4/10/2024 1:53,33.80127,44.714634,34000,0,0,0,QTR40P,B38M,1192897.473
4/10/2024 2:00,33.329269,25.165613,41000,0,0,0,,A332,1309952.621
4/10/2024 2:00,38.998577,26.825623,19025,0,0,0,TB21071,,892331.0242
4/10/2024 2:00,38.217407,27.895632,13325,0,0,0,IRB9740,A306,746787.8934
4/10/2024 2:00,37.584694,30.271095,35500,0,0,0,THY646,B38M,1218927.391
4/10/2024 2:00,37.334011,30.612568,28050,0,0,0,THY7XL,A320,1083502.937
4/10/2024 2:00,36.718689,30.801258,33050,0,0,0,THY6GZ,A21N,1176113.925
4/10/2024 2:00,38.951004,32.811523,35000,0,0,0,CPN7912,B735,1210312.955
4/10/2024 2:00,41.290066,33.389072,35000,0,0,0,QTR8017,B77L,1210312.955
4/10/2024 2:05,33.578018,44.607296,32675,0,0,0,,A21N,1169422.534
4/10/2024 2:09,33.446106,44.656452,32000,0,0,0,GFA174,A21N,1157280.536
4/10/2024 2:17,38.788208,26.483032,37000,0,0,0,,B738,1244412.95
4/10/2024 2:17,32.91555,44.554718,31975,0,0,0,,A20N,1156828.385
4/10/2024 2:18,28.627671,33.535551,36000,0,0,0,ETH706,A359,1227481.373
4/10/2024 2:26,28.434082,33.805196,40000,0,0,0,ETH726,A359,1293878.974
4/10/2024 2:30,41.522316,34.057873,28000,0,0,0,THY3VX,A321,1082536.817
4/10/2024 2:32,33.455154,44.663048,40000,6,0,0,QTR50J,B788,1293878.974
4/10/2024 2:47,39.099564,34.371983,25100,0,0,0,,B738,1024944.904
4/10/2024 2:47,39.60228,42.257359,38000,0,0,0,,B788,1261117.227
4/10/2024 2:53,41.026485,29.172258,7400,0,0,0,AFL531,B738,556518.3896
4/10/2024 3:02,40.373732,38.265818,36000,6,7,0,BRU8151,B738,1227481.373
4/10/2024 3:03,33.686409,44.594707,36000,0,0,0,,B77W,1227481.373
4/10/2024 3:05,39.569916,42.35104,36000,0,0,0,,A359,1227481.373
4/10/2024 3:12,41.685471,38.49884,40000,0,0,1712711380,HVN11,A359,1293878.974
4/10/2024 3:15,39.654373,42.1054,34000,0,0,0,,B77W,1192897.473
4/10/2024 3:17,41.682404,38.531113,38000,0,0,1712711672,HVN19,A359,1261117.227
4/10/2024 3:17,39.558788,42.378906,34000,0,0,0,,B77W,1192897.473
4/10/2024 3:21,41.783752,33.277962,28000,0,0,0,THY70,B77W,1082536.817
4/10/2024 3:21,39.586807,42.302139,30000,0,0,0,AIC119,B77L,1120532.061
4/10/2024 3:23,33.818292,35.490818,19100,0,0,0,SVA628,A320,894088.1595
4/10/2024 3:30,40.67157,38.790833,32000,0,9,0,AIC191,B77W,1157280.536
4/10/2024 3:33,41.425999,30.047544,28725,0,0,0,TCMFY,H25B,1096462.236
4/10/2024 3:36,29.071106,35.90126,36000,0,0,0,ETD417,B789,1227481.373
4/10/2024 3:41,40.048797,40.908217,40000,6,6,0,SIA352,A359,1293878.974
4/10/2024 3:45,40.132324,37.761047,36000,0,0,0,ETD3PA,A35K,1227481.373
4/10/2024 3:47,38.88945,26.379009,44975,0,0,0,VJT401,CL35,1371984.629
4/10/2024 3:47,39.625546,42.190369,38000,0,0,0,,A359,1261117.227
4/10/2024 3:50,39.789175,36.981812,40000,0,0,0,THA900,A359,1293878.974
4/10/2024 3:51,41.838358,37.952398,39900,0,0,1712713619,CPA383,A35K,1292260.613
4/10/2024 3:53,41.833936,38.056704,38000,0,0,1712713641,CPA289,A35K,1261117.227
4/10/2024 3:57,41.454674,33.834888,32025,0,0,0,MFX7609,B763,1157732.511
4/10/2024 3:59,41.6859,38.441162,36000,0,0,1712714190,DLH727,A359,1227481.373
4/10/2024 4:02,37.150452,29.089928,20375,0,0,0,TKJ95H,A21N,923448.0501
4/10/2024 4:05,40.034506,40.955596,38000,6,7,0,SIA328,A359,1261117.227
4/10/2024 4:08,41.686598,38.422128,38000,0,0,1712714725,CPA315,A359,1261117.227
4/10/2024 4:15,36.997002,30.8062,4175,0,0,0,SXS8CN,B738,418015.0323
4/10/2024 4:18,40.117447,40.682129,34000,0,0,0,THA910,B77W,1192897.473
4/10/2024 4:27,39.69854,41.975952,36000,0,0,0,VTANO,B788,1227481.373
4/10/2024 4:32,40.783173,39.435608,38000,0,0,0,WZZ47SM,A320,1261117.227
4/10/2024 4:38,33.453693,25.585253,34000,0,0,0,,A320,1192897.473
4/10/2024 4:39,33.788452,24.677696,39000,0,0,0,,A333,1277603.119
4/10/2024 4:39,40.078995,35.219421,38000,0,0,0,THY1MW,A333,1261117.227
4/10/2024 4:41,39.57637,42.332829,34000,0,0,0,,B77W,1192897.473
4/10/2024 4:45,40.681686,39.008057,34000,0,0,0,AFL428,B738,1192897.473
4/10/2024 4:51,32.980583,44.494404,42975,0,0,0,N98WG,,1341132.239
4/10/2024 4:54,40.209732,32.160889,24000,0,0,0,PGT66TJ,A20N,1002234.344
4/10/2024 4:54,40.354935,33.371582,35000,0,0,0,,SU95,1210312.955
4/10/2024 5:00,33.399509,25.628132,36000,0,0,0,,A333,1227481.373
4/10/2024 5:06,39.553162,27.157486,37000,0,0,0,PGT70CL,A20N,1244412.95
4/10/2024 5:15,40.269928,27.938965,35000,0,0,0,MGH932,B739,1210312.955
4/10/2024 5:17,41.682594,38.54879,38000,0,0,1712718890,CAL075,AT75,1261117.227
4/10/2024 5:18,41.685155,38.520047,40000,0,0,1712718978,CAL067,A359,1293878.974
4/10/2024 5:32,33.77417,24.691998,42125,0,0,0,SZN409,A339,1327802.912
4/10/2024 9:03,33.416172,25.073603,36975,0,0,0,,A20N,1243992.469
4/10/2024 9:03,35.623123,25.295105,7450,0,0,0,BEL4JK,A320,558395.3541
4/10/2024 9:03,38.257507,27.074286,37000,0,0,0,,B38M,1244412.95
4/10/2024 9:03,37.542377,29.195629,30475,0,0,0,,FA8X,1129368.101
4/10/2024 9:03,36.8922,30.7938,33975,0,0,0,,A20N,1192458.827
4/10/2024 9:03,36.9156,30.7992,450,0,0,0,,A320,137236.5895
4/10/2024 9:03,37.950687,30.811575,27850,0,0,0,SXS1TA,B738,1079633.271
4/10/2024 9:03,40.975979,31.704296,39025,0,0,0,VJH772,E35L,1278012.542
4/10/2024 9:03,33.845169,31.76069,37000,5,9,0,AEE4098,A320,1244412.95
4/10/2024 9:03,34.776993,32.798001,22125,6,8,0,WZZ91DK,A320,962288.5086
4/10/2024 9:03,31.692856,34.813843,1175,6,8,0,N,B407,221759.6836
4/10/2024 9:03,33.348175,41.667408,41025,0,0,0,,GLF5,1310351.936
4/10/2024 9:03,35.447296,43.51556,36050,0,0,0,QTR85Y,A320,1228333.494
4/10/2024 9:04,33.853912,28.220457,34775,0,0,0,,B744,1206416.391
4/10/2024 9:04,40.048424,34.880844,36000,0,0,0,THY47G,B77W,1227481.373
4/10/2024 9:04,32.972305,44.494518,34025,0,0,0,KNE214,A20N,1193335.957
4/10/2024 9:06,37.4328,25.53544,29275,0,0,0,BCS4MP,A306,1106909.492
4/10/2024 9:06,40.605698,37.212402,34000,0,9,0,UAE65U,B77W,1192897.473
4/10/2024 9:09,40.877473,38.035043,32000,0,0,0,ABY710,A21N,1157280.536
4/10/2024 9:13,36.890701,30.8015,34000,0,0,0,,AAT3,1192897.473
4/10/2024 9:15,40.831375,29.093323,1350,0,0,0,TCSKN,,237700.7457
4/10/2024 9:18,40.000259,41.798828,33075,1,0,0,THY6TH,A321,1176558.664
4/10/2024 9:22,28.956329,35.386318,31975,0,0,0,,B789,1156828.385
4/10/2024 9:22,33.818253,35.490829,24175,0,0,0,UAE26K,B77W,1005881.687
4/10/2024 9:25,28.827255,33.005676,28300,0,0,0,BUC8367,A320,1088320.67
4/10/2024 9:28,36.174042,34.490948,35000,0,0,0,AHY021,A320,1210312.955
4/10/2024 9:29,34.521423,44.696812,34500,0,0,0,QTR6Y,A35K,1201636.765
4/10/2024 9:30,36.790932,25.100079,11425,0,0,0,,A320,691499.331
4/10/2024 9:30,35.180923,44.256348,39525,0,0,0,KAC118,B77W,1286173.624
4/10/2024 9:33,36.537502,25.044796,24975,0,0,0,AEE3IR,A321,1022389.565
4/10/2024 9:36,36.893002,30.795799,625,0,0,0,,A20N,161734.8718
4/10/2024 9:37,32.676865,33.379596,40000,0,0,0,QTR9T,A332,1293878.974
4/10/2024 9:37,33.480602,44.652248,36000,0,0,0,BAW109,B772,1227481.373
4/10/2024 9:42,39.95636,40.674805,36000,0,7,0,UZB277,A320,1227481.373
4/10/2024 9:42,32.855484,44.574776,32550,0,0,0,QTR891,B77W,1167183.545
4/10/2024 9:50,40.815308,28.890686,39025,0,0,0,,A320,1278012.542
4/10/2024 9:51,33.659969,44.649868,37975,0,0,0,,B789,1260702.317
4/10/2024 9:54,33.509995,44.6469,37975,0,0,0,,B788,1260702.317
4/10/2024 10:04,32.90424,44.566151,34000,0,0,0,KAC786,B77W,1192897.473
4/10/2024 10:06,41.394562,34.497383,36000,0,0,0,,A21N,1227481.373
4/10/2024 10:08,33.818199,35.490875,32000,0,0,0,WAZ68HN,A321,1157280.536
4/10/2024 10:10,38.253616,25.990263,35025,0,0,0,,A320,1210745.133
4/10/2024 10:10,34.785089,31.696987,21000,6,7,0,RYR636,,937504.384
4/10/2024 10:12,34.759765,33.550014,4875,6,9,0,WZZ481,A21N,451700.9146
4/10/2024 10:15,33.867079,35.647831,36000,0,0,0,KAC501,A20N,1227481.373
4/10/2024 10:31,37.389919,25.372507,25950,0,0,0,AEE283,A320,1042155.059
4/10/2024 10:36,33.762589,24.704832,41000,0,0,0,,A332,1309952.621
4/10/2024 10:36,41.404537,34.363255,34000,0,0,0,,A321,1192897.473
4/10/2024 10:36,34.450844,44.706688,33300,0,0,0,ABY357,A320,1180553.781
4/10/2024 10:38,28.47258,33.754067,38000,0,0,0,SVA239,A333,1261117.227
4/10/2024 10:41,36.063879,30.813144,41000,0,0,0,TCCKD,GLF4,1309952.621
4/10/2024 10:46,40.135338,37.753892,36000,6,9,0,TKJ3RK,B738,1227481.373
4/10/2024 10:48,29.025238,35.885521,35975,0,0,0,ETD407,B789,1227055.09
4/10/2024 10:48,32.000753,36.037623,11350,0,0,0,RJA101,A320,689225.9024
4/10/2024 10:48,29.816941,32.228555,28000,0,9,0,CTM2088,C30J,1082536.817
4/10/2024 10:51,31.290253,38.391994,31575,6,0,0,,A20N,1149569.783
4/10/2024 10:56,30.084197,31.351575,9950,0,9,0,ETD593,A321,645320.1117
4/10/2024 10:58,41.387375,34.630032,40000,0,0,0,,B738,1293878.974
4/10/2024 11:07,33.788918,44.707775,34450,0,0,0,,B748,1200765.698
4/10/2024 11:17,40.873077,39.486267,36000,0,0,1712739804,AFL400,B738,1227481.373
4/10/2024 11:24,31.644974,37.41798,29050,0,6,0,JZR252,A320,1102647.579
4/10/2024 11:33,40.914185,29.35144,2000,0,0,0,,A20N,289320.1341
4/10/2024 11:37,41.811722,33.3279,25825,0,0,0,THY5GR,B39M,1039642.021
4/10/2024 11:39,39.624195,27.071655,35000,0,0,0,AUA837,A320,1210312.955
4/10/2024 11:40,37.831188,34.689988,36000,4,6,0,SBI3745,B738,1227481.373
4/10/2024 11:46,35.949267,31.030708,39000,0,0,0,BAW402,A21N,1277603.119
4/10/2024 11:51,28.748108,33.136826,34000,0,0,1712742614,SVR798,A321,1192897.473
4/10/2024 11:54,33.339478,25.674994,38000,0,0,0,,B77W,1261117.227
4/10/2024 11:58,41.680546,38.608129,40000,6,6,0,CPA257,A359,1293878.974
4/10/2024 12:01,36.768585,25.091839,10800,0,0,0,TVF50LL,B738,672319.2367
4/10/2024 12:01,41.122618,39.232927,37000,4,8,0,TUA445,B738,1244412.95
4/10/2024 12:05,30.084244,31.351575,24775,0,0,0,AFL734,A333,1018287.685
4/10/2024 12:14,31.437937,42.373497,33000,0,0,0,,A320,1175223.94
4/10/2024 12:15,39.195496,42.661194,43000,0,0,0,,GL5T,1341522.273
4/10/2024 12:18,38.200954,25.964693,39000,0,0,0,,A333,1277603.119
4/10/2024 12:21,40.325178,38.14347,36000,0,9,0,UAE6H,B77W,1227481.373
4/10/2024 12:28,40.106243,36.570053,39000,0,0,0,QTR8226,B77L,1277603.119
4/10/2024 12:39,33.756748,24.71117,39000,0,0,0,IBE6701,A332,1277603.119
4/10/2024 12:43,40.771225,28.91449,37000,0,0,0,,A320,1244412.95
4/10/2024 12:48,33.327026,44.627136,33975,0,0,0,,A310,1192458.827
4/10/2024 12:51,38.17923,25.864328,39000,0,0,0,,A359,1277603.119
4/10/2024 12:51,40.494049,35.321899,39025,0,0,0,QTR742,A35K,1278012.542
4/10/2024 12:55,33.219723,25.769049,36000,0,0,0,,B77W,1227481.373
4/10/2024 13:11,35.543747,31.139545,35000,0,0,0,DLH1768,A21N,1210312.955
4/10/2024 13:15,39.998383,41.778072,47000,0,0,0,VAJ91B,GLEX,1402531.386
4/10/2024 13:24,41.684326,38.495282,40000,0,0,0,AAR541,A359,1293878.974
4/10/2024 13:27,38.865601,26.404387,21725,0,0,0,ASL67D,A319,953550.18
4/10/2024 13:27,40.176628,27.834299,37000,0,0,0,,B738,1244412.95
4/10/2024 13:30,39.546265,27.156799,37025,0,0,0,,A20N,1244833.289
4/10/2024 13:30,41.859055,31.547304,35000,0,0,0,,A332,1210312.955
4/10/2024 13:32,41.141842,29.410027,9850,0,0,0,BTI6RZ,BCS3,642069.108
4/10/2024 13:35,41.368506,37.146898,31000,0,0,0,SIA7363,B744,1139054.507
4/10/2024 13:39,41.772675,31.862288,38975,0,0,0,,B752,1277193.565
4/10/2024 13:39,33.495079,44.656788,43000,0,0,0,VJT119,GLEX,1341522.273
4/10/2024 13:41,32.028397,44.227661,6675,0,0,0,,B733,528553.9161
4/10/2024 13:43,31.40126,36.103498,12550,0,8,0,RJA167,B788,724745.4922
4/10/2024 13:45,41.104092,29.411524,31000,0,0,0,NCA049,B748,1139054.507
4/10/2024 13:51,33.71397,24.761009,41000,0,0,0,T7MID,,1309952.621
4/10/2024 13:53,36.289425,24.94697,20200,0,0,0,,A20N,919473.7702
4/10/2024 14:00,39.983158,32.587322,4125,0,0,0,,EC35,415504.4088
4/10/2024 14:01,41.680389,38.613947,40000,0,0,0,AAR501,A359,1293878.974
4/10/2024 14:04,39.772202,27.355419,37000,0,0,0,,B738,1244412.95
4/10/2024 14:06,35.859282,30.83576,37000,0,0,0,EXS1495,B738,1244412.95
4/10/2024 14:08,38.860382,26.404028,45000,0,0,0,CMD453,GLF6,1372365.895
4/10/2024 14:09,35.865143,30.864716,37025,0,0,0,EXS4KU,A21N,1244833.289
4/10/2024 14:12,33.811077,24.653721,37000,0,0,0,,A320,1244412.95
4/10/2024 14:14,33.785797,24.6805,39000,0,0,0,SVA2096,B77W,1277603.119
4/10/2024 14:16,33.707932,24.763519,40975,0,0,0,,B789,1309553.185
4/10/2024 14:21,36.920719,35.718643,6450,0,0,0,,K35R,519569.3423
4/10/2024 14:30,33.496429,44.641598,38575,0,0,0,UAE70M,A388,1270622.751
4/10/2024 14:33,33.780075,24.686728,38050,0,0,0,ABD323,B744,1261946.637
4/10/2024 14:33,41.837288,31.62785,31000,0,0,0,9HWDS,A21N,1139054.507
4/10/2024 14:33,41.078064,40.040283,32025,0,0,1712752369,KZR921,A21N,1157732.511
4/10/2024 14:33,33.39212,44.672058,38000,0,0,0,,B789,1261117.227
4/10/2024 14:38,41.855118,31.563658,31000,0,0,0,,B77W,1139054.507
4/10/2024 14:51,40.092361,27.767212,35000,0,0,0,AUA312C,A321,1210312.955
4/10/2024 14:51,40.989199,36.40557,39000,0,8,0,JAL42,B788,1277603.119
4/10/2024 14:54,33.481392,44.655388,34475,0,0,0,,B77W,1201201.31
4/10/2024 14:55,33.729401,35.471434,17625,0,0,0,KNE552,A20N,858871.5613
4/10/2024 15:12,40.217129,27.812077,39000,0,0,0,LOT3MH,B38M,1277603.119
4/10/2024 15:13,41.843262,31.605543,35000,0,0,0,LGL9009,B38M,1210312.955
4/10/2024 15:15,33.383194,44.662884,35975,0,0,0,QTR1007,B789,1227055.09
4/10/2024 15:16,41.104835,39.489046,33000,0,0,0,CAL062,B77W,1175223.94
4/10/2024 15:17,40.173523,27.835632,37000,0,0,0,EXS78GT,B738,1244412.95
4/10/2024 15:19,35.918869,30.995003,33000,5,8,0,EXS67K,B738,1175223.94
4/10/2024 15:24,37.665894,25.486879,37000,0,0,0,BAW3LB,A21N,1244412.95
4/10/2024 15:29,33.753616,24.714642,45000,0,0,0,VJT813,GLEX,1372365.895
4/10/2024 15:48,40.376292,36.515871,38350,0,0,0,SWR146,A333,1266911.692
4/10/2024 15:57,33.759544,24.708424,37000,0,0,0,KLM643,B78X,1244412.95
4/10/2024 16:00,29.139932,32.811908,35150,0,0,0,KNE577,A20N,1212903.71
4/10/2024 16:00,40.460691,41.159904,36000,0,0,0,TVF77SK,B738,1227481.373
4/10/2024 16:02,38.245468,25.903833,37000,0,0,0,TOM4DB,B38M,1244412.95
4/10/2024 16:03,32.852142,44.547142,36000,0,0,0,,A20N,1227481.373
4/10/2024 16:13,35.659107,30.685399,37000,6,7,0,TVF53EB,B738,1244412.95
4/10/2024 16:17,33.90303,44.725063,40725,0,0,0,UAE9LT,A388,1305552.096
4/10/2024 16:18,34.998159,31.241798,23825,0,0,0,EXS5MY,B738,998573.6792
4/10/2024 16:22,29.051809,35.312374,32000,0,0,0,UPS9,B748,1157280.536
4/10/2024 16:27,35.731077,30.877075,35000,6,0,0,EZY68PK,A320,1210312.955
4/10/2024 16:31,33.810059,24.654274,37000,0,0,0,VJH767,E35L,1244412.95
4/10/2024 16:31,39.749466,27.266724,34000,0,0,0,THY1ML,B738,1192897.473
4/10/2024 16:40,41.997803,36.44215,34975,0,6,0,KLM867,B789,1209880.624
4/10/2024 16:48,33.46312,44.660961,40000,0,0,0,QTR965,A359,1293878.974
4/10/2024 16:54,39.82045,37.034016,36000,0,0,0,MRJ4807,A310,1227481.373
4/10/2024 16:55,36.584839,25.073204,27900,0,0,0,,A20N,1080601.986
4/10/2024 17:03,33.883045,44.71241,38000,0,0,0,,B789,1261117.227
4/10/2024 17:06,35.914027,30.939954,37025,4,7,0,WZZ82BY,A321,1244833.289
4/10/2024 17:07,38.229767,25.913105,37000,0,0,0,,B38M,1244412.95
4/10/2024 17:10,29.012558,32.9902,34000,0,0,0,KNE569,A20N,1192897.473
4/10/2024 17:12,37.867722,33.588653,39000,0,0,0,QTR9E,A333,1277603.119
4/10/2024 17:12,30.084229,31.351587,36000,0,0,0,,B77W,1227481.373
4/10/2024 17:12,41.022537,39.499695,34000,0,0,0,EVA067,B77W,1192897.473
4/10/2024 17:16,36.437832,25.070976,39000,0,0,0,EZY84RF,A20N,1277603.119
4/10/2024 17:20,39.624847,27.070435,39000,0,0,0,JAF84M,B38M,1277603.119
4/10/2024 17:21,35.795792,31.06945,32075,6,8,0,EZY79PF,A320,1158635.931
4/10/2024 17:31,39.206543,42.600262,38350,0,0,0,,A343,1266911.692
4/10/2024 17:34,37.256378,25.323019,4775,0,0,0,TVF41TP,B738,447044.0798
4/10/2024 17:42,39.607269,27.091509,37000,0,0,0,,A320,1244412.95
4/10/2024 17:46,40.119003,27.864136,35000,0,0,0,RYR594J,A320,1210312.955
4/10/2024 17:47,39.601803,27.098694,39000,0,0,0,PHPNX,B738,1277603.119
4/10/2024 17:48,33.788872,24.676895,37000,0,0,0,QTR773,B77L,1244412.95
4/10/2024 17:51,40.056897,40.93381,36000,6,7,0,VSV495,B738,1227481.373
4/10/2024 17:55,38.914413,26.47644,20925,0,0,0,,A20N,935828.7716
4/10/2024 17:57,41.815502,32.699913,42975,0,0,0,VCJ94U,GLEX,1341132.239
4/10/2024 18:00,38.207336,25.922943,38025,0,0,0,,A320,1261532
4/10/2024 18:01,33.771507,24.695606,33000,0,0,0,UAE9746,B77L,1175223.94
4/10/2024 18:06,38.879974,26.383905,18350,0,0,0,,B38M,876358.2798
4/10/2024 18:28,29.077085,36.104683,40000,0,0,0,,GLEX,1293878.974
4/10/2024 18:31,42.056534,36.061062,39000,0,0,0,DLH718,A359,1277603.119
4/10/2024 18:33,37.206364,25.328144,37000,0,0,0,,B38M,1244412.95
4/10/2024 18:35,39.205627,42.3022,35000,0,0,0,THY236,A332,1210312.955
4/10/2024 19:00,39.598728,27.159607,36975,0,0,0,,A320,1243992.469
4/10/2024 19:15,38.846054,26.414715,37000,0,0,0,TOM442,B738,1244412.95
4/10/2024 19:49,30.084197,31.351575,32025,0,0,0,,A321,1157732.511
4/10/2024 19:50,33.774536,24.692276,39000,0,0,0,,B738,1277603.119
4/10/2024 19:52,41.955368,33.682583,30000,0,0,0,KMF9909,B733,1120532.061
4/10/2024 19:53,33.793758,44.715271,34475,0,0,0,,B38M,1201201.31
4/10/2024 20:19,40.861725,29.132446,16025,6,0,0,THY8ZU,A333,818959.9787
4/10/2024 20:21,41.953528,36.288097,35000,6,9,0,THY4DL,B789,1210312.955
4/10/2024 20:23,40.827385,28.88443,35000,0,0,0,HYS402,A320,1210312.955
4/10/2024 20:32,30.242336,31.107075,36025,0,0,0,KNE420,A20N,1227907.507
4/10/2024 20:41,39.955739,40.579376,35000,6,0,0,THY6016,A332,1210312.955
4/10/2024 20:46,39.547382,27.164917,36975,0,0,0,,A21N,1243992.469
4/10/2024 20:57,39.186813,42.713173,36250,0,0,0,,B735,1231736.087
4/10/2024 21:09,30.208213,33.208319,32000,0,0,0,JZR733,A320,1157280.536
4/10/2024 21:10,29.056789,36.049049,40000,0,0,0,,A332,1293878.974
4/11/2024 9:15,35.313675,26.114445,35000,0,0,0,GSW446,A320,1210312.955
4/11/2024 9:15,38.622208,26.669073,35000,0,0,0,OELBS,A320,1210312.955
4/11/2024 9:15,38.038906,26.970959,35000,0,0,0,,A320,1210312.955
4/11/2024 9:15,36.445141,27.788221,37000,0,0,0,,A21N,1244412.95
4/11/2024 9:15,40.392883,28.63501,500,0,0,0,,B429,144660.0671
4/11/2024 9:15,34.572281,29.354404,27975,0,0,0,,A400,1082053.434
4/11/2024 9:15,33.201754,31.574819,33025,0,0,0,SUM9121,IL76,1175669.017
4/11/2024 9:15,40.340836,32.9151,32000,0,0,0,KAC152,B77W,1157280.536
4/11/2024 9:15,32.515823,34.061627,10175,4,8,0,WZZ332S,A321,652575.6563
4/11/2024 9:15,33.818246,35.490818,32000,0,9,0,UAE26K,B77W,1157280.536
4/11/2024 9:15,41.30068,39.584801,17350,0,0,0,THY5FX,B738,852144.8025
4/11/2024 9:16,32.375519,29.944281,34000,0,0,0,THY1PL,B38M,1192897.473
4/11/2024 9:16,41.568512,33.735142,34000,0,0,0,QAF1,B748,1192897.473
4/11/2024 9:16,32.953262,44.514458,32000,0,0,0,UAE25J,B77W,1157280.536
4/11/2024 9:20,34.10495,44.712955,34000,0,0,0,UAE59,B77W,1192897.473
4/11/2024 9:30,41.509979,33.920353,34000,0,0,0,UAE63Q,B77W,1192897.473
4/11/2024 9:30,37.958462,35.249275,35000,0,0,0,UZB301,B763,1210312.955
4/11/2024 9:33,33.766205,24.700909,35000,0,0,0,EWG7EE,A320,1210312.955
4/11/2024 9:33,39.970459,34.549866,34000,0,0,0,,A388,1192897.473
4/11/2024 9:36,37.396179,25.356853,15000,0,0,0,,AT76,792335.819
4/11/2024 9:37,37.581856,27.810637,5925,0,0,0,,C172,497975.3405
4/11/2024 9:42,38.986195,37.306641,32000,0,0,0,,C5M,1157280.536
4/11/2024 9:54,33.56081,44.683228,34000,0,0,0,BTI791,BCS3,1192897.473
4/11/2024 9:56,33.818292,35.490818,12875,0,0,0,THY1LQ,B738,734069.6672
4/11/2024 10:00,40.484436,38.697754,36000,0,0,0,PBD835,B738,1227481.373
4/11/2024 10:05,32.904377,26.015457,38000,0,0,0,,B789,1261117.227
4/11/2024 10:07,33.867279,44.713009,38000,0,0,0,,A333,1261117.227
4/11/2024 10:08,41.203339,34.102188,34725,0,0,0,,B738,1205548.778
4/11/2024 10:09,39.564377,42.36734,36000,0,0,0,FDB1688,B38M,1227481.373
4/11/2024 10:12,37.245888,25.280855,3400,0,0,0,,P28A,377227.3028
4/11/2024 10:12,34.758694,33.560543,3875,6,8,0,WZZ303,A320,402716.583
4/11/2024 10:15,32.890549,44.58065,30575,0,0,0,,B77L,1131219.526
4/11/2024 10:21,40.921463,29.055359,20950,0,0,0,,B738,936387.6422
4/11/2024 10:25,32.940083,44.528259,38000,0,0,0,QTR20X,A359,1261117.227
4/11/2024 10:27,37.337643,27.301682,5525,0,0,0,,C172,480872.3445
4/11/2024 10:31,33.754074,24.713465,37000,0,0,0,NOS4758,B738,1244412.95
4/11/2024 10:31,35.827927,44.309063,27525,0,0,0,THY6066,A310,1073315.309
4/11/2024 10:40,32.895954,44.575512,34000,0,0,0,,A20N,1192897.473
4/11/2024 10:49,29.433929,35.108026,34000,0,0,0,,A320,1192897.473
4/11/2024 10:52,41.844364,31.557909,35025,0,0,0,,A320,1210745.133
4/11/2024 10:54,33.635387,44.667892,38825,0,0,0,,A333,1274733.479
4/11/2024 10:55,37.960831,25.743538,33000,0,0,0,,A21N,1175223.94
4/11/2024 10:57,40.02356,40.989563,38000,0,0,0,DUB5,B737,1261117.227
4/11/2024 11:01,38.831085,26.432688,39000,0,0,0,,A321,1277603.119
4/11/2024 11:05,41.268585,38.739685,34000,0,8,0,RFE9721,CRJ2,1192897.473
4/11/2024 11:06,28.929199,36.00938,43000,0,0,0,,FA7X,1341522.273
4/11/2024 11:08,34.190369,44.715477,39975,0,0,0,,B788,1293474.574
4/11/2024 11:12,36.932171,25.158691,33650,0,0,0,AOJ70R,F2TH,1186741.676
4/11/2024 11:19,33.947845,44.709778,36625,0,0,0,,A388,1238090.743
4/11/2024 11:24,37.679104,25.638029,31000,0,0,0,,A306,1139054.507
4/11/2024 11:27,36.758789,25.111942,11925,0,0,0,TVF50LL,B738,706468.5837
4/11/2024 11:28,30.084198,31.351574,32000,0,0,0,,A333,1157280.536
4/11/2024 11:30,33.308125,44.621365,34025,0,0,0,,B744,1193335.957
4/11/2024 11:36,31.48233,37.727535,27575,0,0,0,,A321,1074289.721
4/11/2024 11:41,35.171036,24.679216,36975,0,0,0,,A320,1243992.469
4/11/2024 11:45,38.212326,25.894367,36975,0,0,0,AAL120,B789,1243992.469
4/11/2024 11:46,37.360264,25.427439,31000,0,0,0,,GLF5,1139054.507
4/11/2024 11:47,33.818253,35.490772,21225,0,0,0,GFA963,A320,942513.3478
4/11/2024 11:48,35.168354,24.722328,37000,0,0,0,,B736,1244412.95
4/11/2024 11:51,28.897348,33.242959,30875,0,0,0,EJU16TV,A320,1136755.706
4/11/2024 11:51,41.682816,38.540538,38000,0,0,0,CPA257,A359,1261117.227
4/11/2024 11:52,39.572056,27.13501,36975,0,0,0,,A20N,1243992.469
4/11/2024 12:00,36.432667,24.974203,27225,0,0,0,TOM7450,B738,1067450.154
4/11/2024 12:04,39.377468,41.499634,8250,0,0,0,KNE331,A20N,587611.9702
4/11/2024 12:07,41.841568,31.609789,41000,0,0,0,,B788,1309952.621
4/11/2024 12:12,40.109528,27.867859,39000,0,0,0,,CL60,1277603.119
4/11/2024 12:13,36.873421,25.138391,6825,0,0,0,N590WT,,534459.7298
4/11/2024 12:17,39.582138,27.122677,37000,0,0,0,,B738,1244412.95
4/11/2024 12:17,41.004189,29.210587,12325,0,0,0,,BE40,718219.3869
4/11/2024 12:21,34.277855,44.721622,38000,0,0,0,AUA46,B772,1261117.227
4/11/2024 12:21,36.572525,25.059643,27825,0,0,0,EZY39ZN,A320,1079148.587
4/11/2024 12:23,40.928448,29.046791,17775,0,0,0,,B38M,862518.5907
4/11/2024 12:27,40.999021,39.793542,42975,0,9,0,T7SSS,GLEX,1341132.239
4/11/2024 12:28,40.668869,38.975098,38000,6,0,0,TGZ773,B738,1261117.227
4/11/2024 12:33,41.362381,30.33313,38000,0,0,0,,B772,1261117.227
4/11/2024 12:37,30.404243,38.470825,26425,0,0,0,,A320,1051649.835
4/11/2024 12:49,39.73941,35.682129,43000,0,0,0,,GL5T,1341522.273
4/11/2024 12:54,32.785995,44.530952,8050,0,0,0,UAE3W,B77W,580445.7025
4/11/2024 12:59,41.681122,38.589353,38000,0,0,0,AAR541,A359,1261117.227
4/11/2024 13:04,38.022053,25.844263,35275,0,0,0,RYR7JE,B738,1215058.453
4/11/2024 13:06,40.297302,29.222351,30150,0,0,0,,B738,1123329.898
4/11/2024 13:09,28.684387,33.456327,32025,6,9,0,KNE583,A20N,1157732.511
4/11/2024 13:09,40.982216,40.312271,32025,6,0,1712833399,UZB3123,B763,1157732.511
4/11/2024 13:13,41.85968,31.544941,39000,0,0,0,,E190,1277603.119
4/11/2024 13:18,40.987335,40.107971,32000,0,0,1712833997,CLX37EB,B748,1157280.536
4/11/2024 13:21,38.170807,25.841539,35000,0,0,0,,A320,1210312.955
4/11/2024 13:30,31.611694,44.175648,39150,0,0,0,SYR515,A343,1280057.69
4/11/2024 13:32,37.277634,25.309633,37000,0,0,0,TOM840,B38M,1244412.95
4/11/2024 13:35,41.804352,36.285095,36950,0,0,0,3CMAF,IL76,1243571.846
4/11/2024 13:37,33.768631,24.698835,39000,0,0,0,NOS4930,B738,1277603.119
4/11/2024 13:39,40.113457,34.672478,34000,0,0,0,,B748,1192897.473
4/11/2024 13:39,39.843036,36.76239,37000,0,0,0,QTR8176,B77L,1244412.95
4/11/2024 13:40,36.692551,25.126076,36975,0,0,0,EZY89JF,A21N,1243992.469
4/11/2024 13:40,39.603897,27.095276,41000,0,0,0,MYIGO,H25B,1309952.621
4/11/2024 13:46,37.607876,25.546736,39000,0,0,0,BAW3LB,A21N,1277603.119
4/11/2024 13:47,37.057629,25.189024,22000,0,0,0,SEH091,AT45,959566.3291
4/11/2024 13:52,41.943649,36.440215,33000,0,0,0,GEC8430,B77L,1175223.94
4/11/2024 13:55,33.729309,24.740986,33000,0,0,0,,B772,1175223.94
4/11/2024 13:56,33.28215,25.720396,33000,0,0,0,,B744,1175223.94
4/11/2024 14:00,38.291794,25.890041,37000,0,0,0,,B38M,1244412.95
4/11/2024 14:05,40.59787,35.083069,41000,0,0,0,QTR15A,A359,1309952.621
4/11/2024 14:07,33.780945,24.685495,39000,0,0,0,,B789,1277603.119
4/11/2024 14:15,40.846573,34.082642,36000,0,0,0,,SU95,1227481.373
4/11/2024 14:22,37.699768,28.793003,9975,0,0,0,TCTDD,DA42,646130.3067
4/11/2024 14:24,34.238519,36.817589,27775,0,0,0,IRA5371,A306,1078178.566
4/11/2024 14:26,40.094879,40.75647,32000,6,0,0,EAU407,B744,1157280.536
4/11/2024 14:33,38.713398,43.049072,36625,0,0,0,WAZ4859,A21N,1238090.743
4/11/2024 14:40,38.858093,26.410774,37000,0,0,0,,B738,1244412.95
4/11/2024 14:45,36.797962,25.090494,15025,0,0,0,AEE368,AT76,792995.8239
4/11/2024 14:47,33.010483,43.842316,9400,0,0,0,FBA902,,627231.1041
4/11/2024 14:49,40.747238,28.637634,5950,0,0,0,,A320,499024.8155
4/11/2024 14:51,41.845108,31.598532,33000,0,0,0,WZZ5861,A21N,1175223.94
4/11/2024 14:52,42.010369,36.37586,33000,0,0,0,SIA345,B77W,1175223.94
4/11/2024 14:54,40.864857,28.935305,37000,0,0,0,,A332,1244412.95
4/11/2024 14:58,37.705444,25.523752,38975,0,0,0,,A333,1277193.565
4/11/2024 15:00,30.620199,30.78891,27225,0,0,0,,FA8X,1067450.154
4/11/2024 15:00,31.495102,37.526604,15275,0,0,0,CNV531,C130,799565.9099
4/11/2024 15:03,32.914528,44.555725,34000,0,0,0,QTR1205,A320,1192897.473
4/11/2024 15:03,38.06868,25.799404,37000,0,0,0,,B738,1244412.95
4/11/2024 15:03,33.432934,44.66996,39975,0,0,0,T7HOME,GLEX,1293474.574
4/11/2024 15:08,41.012289,39.598846,34000,0,0,1712840304,UPS15,B748,1192897.473
4/11/2024 15:12,37.009448,32.28022,33000,6,7,0,PGT1916,A20N,1175223.94
4/11/2024 15:13,40.165783,27.838919,37000,0,0,0,LOT5RW,B738,1244412.95
4/11/2024 15:13,41.705311,32.100773,39000,0,0,0,KLM877,A333,1277603.119
4/11/2024 15:14,36.760345,25.108845,10875,0,0,0,BAW880A,A320,674649.6396
4/11/2024 15:15,36.440441,25.060925,35000,0,0,0,,B77W,1210312.955
4/11/2024 15:16,41.680639,38.606979,40000,0,0,1712841274,CPA239,A359,1293878.974
4/11/2024 15:16,31.868359,44.252426,13350,0,0,0,ABY374,A320,747488.1166
4/11/2024 15:19,32.115784,44.271877,8625,0,0,0,SHI7311,B733,600818.3825
4/11/2024 15:21,34.930889,33.536396,2975,0,0,0,5BCMK,PIVI,352863.831
4/11/2024 15:21,42.062988,36.016804,39000,0,0,0,DLH714,A359,1277603.119
4/11/2024 15:26,41.680161,38.615757,40000,0,0,1712841844,AAR511,A359,1293878.974
4/11/2024 15:27,41.077927,40.040672,39975,0,9,0,BAW168,B789,1293474.574
4/11/2024 15:34,41.884259,36.041352,39000,0,0,0,SIA303,A359,1277603.119
4/11/2024 15:39,42.061523,36.068178,39000,0,0,0,SIA327,A359,1277603.119
4/11/2024 15:45,39.587929,27.11554,39000,0,0,0,,A20N,1277603.119
4/11/2024 15:48,41.679977,38.613635,40000,6,6,0,AAR521,A359,1293878.974
4/11/2024 15:49,39.602547,42.253845,34000,0,0,0,,B77W,1192897.473
4/11/2024 15:52,33.795822,44.699726,36000,0,0,0,,A333,1227481.373
4/11/2024 15:54,38.861343,26.403381,37000,0,0,0,EWG83VK,A320,1244412.95
4/11/2024 16:09,41.070248,29.234993,17275,0,0,0,THY2466,B738,850300.9963
4/11/2024 16:10,42.047657,36.180725,37000,4,4,0,SIA317,A388,1244412.95
4/11/2024 16:11,37.095104,25.212788,41675,0,0,0,FHSUP,FA6X,1320691.748
4/11/2024 16:13,42.035181,36.212534,37000,0,0,0,SIA51,A359,1244412.95
4/11/2024 16:15,33.489819,44.652866,38800,0,0,0,UAE9LT,A388,1274323.003
4/11/2024 16:16,33.781002,24.685249,42025,0,0,0,QTR6B,A359,1326225.949
4/11/2024 16:21,41.971252,36.489591,35000,0,0,0,CPA270,A35K,1210312.955
4/11/2024 16:23,30.084105,31.351795,28000,0,0,0,JZR212,A20N,1082536.817
4/11/2024 16:24,38.231911,25.871489,37000,0,0,0,NCR873,B744,1244412.95
4/11/2024 16:24,40.227356,40.78241,37000,0,0,0,SVR220,A320,1244412.95
4/11/2024 16:26,36.623531,25.065367,23000,0,0,0,,A321,981132.3101
4/11/2024 16:36,29.075596,36.04372,38000,0,0,0,,A388,1261117.227
4/11/2024 16:39,37.128601,30.8244,3625,0,0,0,AZO6050,SU95,389509.151
4/11/2024 16:40,39.588257,42.298157,38000,0,0,0,AIC381,B788,1261117.227
4/11/2024 16:48,36.516449,25.001965,45025,0,0,0,,C56X,1372747.055
4/11/2024 16:55,40.965317,29.021572,25000,0,0,0,,PAY3,1022901.144
4/11/2024 16:58,28.531448,33.671103,36000,0,0,0,OMA405,B38M,1227481.373
4/11/2024 17:00,35.220612,24.736614,37000,0,0,0,RYR7SC,B738,1244412.95
4/11/2024 17:06,41.871597,31.500175,33000,0,0,0,,B772,1175223.94
4/11/2024 17:09,36.909126,25.167767,28075,0,0,0,AEE697,A320,1083985.673
4/11/2024 17:09,40.514645,36.647332,33000,6,8,0,THA931,B77W,1175223.94
4/11/2024 17:10,41.949339,36.40026,37000,0,0,0,CPA288,A359,1244412.95
4/11/2024 17:18,33.809326,24.655226,45000,0,0,0,T7ARK,GLF5,1372365.895
4/11/2024 17:30,34.399017,28.379031,37000,0,0,0,BUC7FT,A320,1244412.95
4/11/2024 17:34,40.956474,29.043358,6700,0,0,0,THY10,B77W,529542.7924
4/11/2024 17:38,42.031998,36.268116,37025,0,0,0,HVN18,A359,1244833.289
4/11/2024 17:43,41.087612,29.291735,7750,0,0,0,THY5SW,B38M,569527.2535
4/11/2024 17:54,30.788086,30.669088,28700,0,0,0,N650MT,GLF6,1095984.995
4/11/2024 17:59,36.452126,25.001553,21475,0,0,0,TUI7AJ,B738,948047.8249
